Ordem;Família;Material;#;Stock inical;nº NE's;UN
1;CAR;A ENCHER PINHO TRATADO 2600 X 25MM 1ª QUALIDADE;47;1,27;1;M
2;CAR;A ENCHER PINHO TRATADO 2600 X 30MM 1ª QUALIDADE;47;3,83;3;M
3;CAR;A ENCHER PINHO TRATADO 2600 X 50MM 1ª QUALIDADE;47;13,83;2;M
4;ABR;ABRAÇADEIRA DE ENCAIXE TUBO VD 16 BÊGE;38;420;1;UN
5;ABR;ABRAÇADEIRA DE ENCAIXE TUBO VD 20 BÊGE;38;90;1;UN
6;ABR;ABRAÇADEIRA DE FIVELA/SERRILHA AÇO INOX 360 X 4,6;49;0;0;UN
7;ABR;ABRAÇADEIRA DE FIVELA/SERRILHA AÇO INOX 360 X 7,9;49;0;0;UN
8;ABR;ABRAÇADEIRA DE FIVELA/SERRILHA BRANCA 102 X 2,5MM_SACO DE 100UN;63;0;1;UN
9;ABR;ABRAÇADEIRA DE FIVELA/SERRILHA BRANCA 295 X 3,6MM_SACO DE 100UN;63;14;1;UN
10;ABR;ABRAÇADEIRA DE FIVELA/SERRILHA BRANCA 360 X 4,8MM_SACO DE 100UN;63;32;2;UN
11;ABR;ABRAÇADEIRA DE FIVELA/SERRILHA BRANCA 365 X 7,8MM_SACO DE 100UN;63;90;3;UN
12;ABR;ABRAÇADEIRA DE FIVELA/SERRILHA PRETA 102 X 2,5MM_SACO DE 100UN;62;1;1;UN
13;ABR;ABRAÇADEIRA DE FIVELA/SERRILHA PRETA 200 X 7,8MM_ SACO DE 100UN;63;0;1;UN
14;ABR;ABRAÇADEIRA DE FIVELA/SERRILHA PRETA 295 X 3,6MM_SACO DE 100UN;62;7;1;UN
15;ABR;ABRAÇADEIRA DE FIVELA/SERRILHA PRETA 360 X 4,8MM_SACO DE 100UN;62;34;2;UN
16;ABR;ABRAÇADEIRA DE FIVELA/SERRILHA PRETA 365 X 7,8MM_SACO DE 100UN;62;99;3;UN
17;ABR;"ABRAÇADEIRA DE INOX C/PARAFUSO DE FIXAÇÃO À PAREDE 110 (3""1/2)";62;54;2;UN
18;ABR;"ABRAÇADEIRA DE INOX C/PARAFUSO DE FIXAÇÃO À PAREDE 20 (1/2"")";60;94;1;UN
19;ABR;"ABRAÇADEIRA DE INOX C/PARAFUSO DE FIXAÇÃO À PAREDE 25 (3/4"")";60;1;1;UN
20;ABR;"ABRAÇADEIRA DE INOX C/PARAFUSO DE FIXAÇÃO À PAREDE 32 (1"")";58;15;1;UN
21;ABR;"ABRAÇADEIRA DE INOX C/PARAFUSO DE FIXAÇÃO À PAREDE 40 (1""1/4)";61;24;1;UN
22;ABR;"ABRAÇADEIRA DE INOX C/PARAFUSO DE FIXAÇÃO À PAREDE 50 (1""1/2)";61;11;1;UN
23;ABR;"ABRAÇADEIRA DE INOX C/PARAFUSO DE FIXAÇÃO À PAREDE 63 (2"")";58;6;1;UN
24;ABR;"ABRAÇADEIRA DE INOX C/PARAFUSO DE FIXAÇÃO À PAREDE 75 (2""1/2)";61;0;1;UN
25;ABR;"ABRAÇADEIRA DE INOX C/PARAFUSO DE FIXAÇÃO À PAREDE 90 (3"")";58;0;1;UN
26;PICH;ABRAÇADEIRA INOX COM PARAFUSO À PAREDE 75;41;20;1;UN
27;PICH;ABRAÇADEIRA INOX COM PARAFUSO À PAREDE 90;41;19;1;UN
28;ABR;ABRAÇADEIRA INOX SIMPLES 15 BICONE;34;143;1;UN
29;ABR;ABRAÇADEIRA INOX SIMPLES 22 BICONE;34;40;1;UN
30;ABR;ABRAÇADEIRA P/VARETA TERRA APERTO MECÂNICO;42;101;3;UN
31;ABR;ABRAÇADEIRA VD LIVRES DE HALOGÉNIOS CINZENTAS 16MM;50;10;1;UN
32;ABR;ABRAÇADEIRA VD LIVRES DE HALOGÉNIOS CINZENTAS 20MM;50;0;0;UN
33;ABR;ABRAÇADEIRA VD LIVRES DE HALOGÉNIOS CINZENTAS 25MM;50;53;1;UN
34;DIV;ACIDO SULFURICO 1LTS;20;4;2;UN
35;DIV;ACIDO SULFURICO 5LTS;20;1;1;UN
36;DIV;ADESIVO ACRÍLICO EM DISPERSÃO AQUOSA COM APERTO PROVISÓRIO IMEDIATO_TIPO FISCHER PEGA TOTAL 150ML;97;0;0;UN
37;DIV;ADESIVO-VEDANTE MECÂNICO MONOCOMPONENTE DE ALTO DESEMPENHO_ TIPO FISCHER MS EXPRESS 80ML;88;0;0;UN
38;DIV;ADESIVO-VEDANTE MECÂNICO MONOCOMPONENTE DE ALTO DESEMPENHO_TIPO FISCHER MS TRANS 80ML;85;0;0;UN
39;DIV;"AGULHETA METÁLICA DE ESGUICHO ENGATE 1""";39;605;2;UN
40;MFE;ALICATE CORTE DIAGONAL TIPO FACOM 391A.14CPE OU EXPERT;54;10;1;UN
41;MFE;ALICATE DE CORTE FRONTAL (TORQUÊS) DO TIPO EXPERT;49;10;1;UN
42;MFE;ALICATE DE CRAVAR FICHAS RJ45;29;1;1;UN
43;MFE;ALICATE DE PONTAS MEIO-REDONDAS CURTAS TIPO FACOM 193A.16CPE OU EXPERT;70;0;0;UN
44;MFE;ALICATE DE PRESSÃO MONO-REGULAVEL DE MORDENTES CURTOS TIPO FACOM 513.10 OU EXPERT;81;9;1;UN
45;MFE;ALICATE DE PRESSÃO MONO-REGULAVEL DE MORDENTES CURTOS TIPO FACOM 513.5 OU EXPERT;80;20;1;UN
46;MFE;ALICATE DE REBITAR BUCHAS PCL750 PLADUR, TIPO PECOL;51;16;1;UN
47;MFE;ALICATE DESCARNAR, TIPO FACOM REF A130160 E EXPERT;50;0;0;UN
48;MFE;ALICATE PONTAS CURVAS MEIOS REDONDAS - ISOLADO 1000 V, TIPO FACOM 195A.16.VE OU EXPERT;86;0;0;UN
49;MFE;ALICATE REGULAVEL TIPO FACOM 181EF.25.CPE OU EXPERT;51;0;0;UN
50;MFE;ALICATE UNIVERSAL DO TIPO EXPERT;32;0;0;UN
51;MFE;ALICATE UNIVERSAL TIPO FACOM 187A.16VE OU EXPERT;48;0;0;UN
52;MFE;ALICATE UNIVERSAL TIPO FACOM 187A.18CPE OU EXPERT;49;28;1;UN
53;MFE;"ANCINHO APANHA FOLHAS COM CABO TODO METÁLICO _ ANEXO ""LOTE2_ 1.14_ANCINHO""";74;52;1;UN
54;ELE;ANGULO EXTERNO 110X50 EFAPEL;28;68;3;UN
55;ELE;ANGULO EXTERNO 32X16 EFAPEL;27;60;3;UN
56;ELE;ANGULO INTERNO 110X50 EFAPEL;28;70;3;UN
57;ELE;ANGULO INTERNO 32X16 EFAPEL;27;53;3;UN
58;PICH;ANILHA 15 PARA BICONE;21;100;1;UN
59;DIV;ANILHA C/VEDANTE M6;19;0;1;UN
60;DIV;ANILHA INOX M10;15;0;1;UN
61;DIV;ANILHA INOX M10 ABA LARGA;25;47;1;UN
62;DIV;ANILHA INOX M12;15;116;1;UN
63;DIV;ANILHA INOX M12 ABA LARGA;25;0;1;UN
64;DIV;ANILHA INOX M14;15;18;1;UN
65;DIV;ANILHA INOX M14 ABA LARGA;25;0;1;UN
66;DIV;ANILHA INOX M16;15;0;1;UN
67;DIV;ANILHA INOX M16 ABA LARGA;25;22;1;UN
68;DIV;ANILHA INOX M18 ABA LARGA;25;0;1;UN
69;DIV;ANILHA INOX M6;14;40;1;UN
70;DIV;ANILHA INOX M8;14;16;1;UN
71;DIV;ANILHA INOX M8 ABA LARGA;24;502;2;UN
72;DIV;ANILHA ZN M10;13;973;2;UN
73;DIV;ANILHA ZN M10 ABA LARGA;23;616;1;UN
74;DIV;ANILHA ZN M12;13;0;1;UN
75;DIV;ANILHA ZN M12 ABA LARGA;23;0;1;UN
76;DIV;ANILHA ZN M14;13;10;1;UN
77;DIV;ANILHA ZN M14 ABA LARGA;23;132;1;UN
78;DIV;ANILHA ZN M16;13;15;1;UN
79;DIV;ANILHA ZN M16 ABA LARGA;23;736;1;UN
80;DIV;ANILHA ZN M6;12;858;3;UN
81;DIV;ANILHA ZN M6 ABA LARGA;22;746;2;UN
82;DIV;ANILHA ZN M8;12;947;3;UN
83;DIV;ANILHA ZN M8 ABA LARGA;22;0;1;UN
84;PINT;ANTI-SALITRA;12;21;1;UN
85;MFE;"APANHA FOLHAS DE PISCINA DE CABEÇAL COM BOLSA_ ANEXO "" LOTE2_1.15_BOLSA FOLHAS""";79;6;1;UN
86;MAQ;APARELHO DE SOLDAR MULTIPROCESSOS - TIG - MIG - MMA DE +/- 250 A;64;0;0;UN
87;MAQ;APARELHO DE SOLDAR PORTÁTIL_ INVERTER ELECTREX DC203, INCLUIDO TODOS ACESSÓRIOS DE SOLDA COM ALICATE DE MASSA, LANÇA DE SOLDA E AFINS;133;0;0;UN
88;MAQ;APARELHO DE TESTADOR DE CABOS DE REDE (RJ45 | RJ11)_ TIPO UNI- T;64;2;1;UN
89;MAQ;APARELHO DE TESTE DE REDE PARA RJ45 MAKITA;42;13;1;UN
90;MAQ;APARELHO SOLDAR 200I 200AMP, COM MALA_ TIPO INVERTER CORE SOLTER;64;0;1;UN
91;DIV;ARAME ZN 12/8;13;0;1;M
92;DIV;ARAME ZN PLASTIFICADO 12/8;26;500;1;M
93;ELE;ARMADURA DE EMERGÊNCIA 3/4W LED 4000K NÃO PERMANENTE;52;24;1;UN
94;ELE;ARMADURA DE EMERGÊNCIA 3/4W LED 4000K PERMANENTE;48;4;1;UN
95;ELE;ARMADURA DE EMERGÊNCIA 6W;25;4;1;UN
96;ELE;ARMADURA DE EMERGÊNCIA 8W;25;0;1;UN
97;ELE;ARMADURA DE EMERGÊNCIA LED ESTANQUE;35;5;1;UN
98;ELE;ARMADURA EXTERIOR  IP65 2X120CM LED;35;31;3;UN
99;ELE;ARMADURA EXTERIOR IP65 1X120CM LED;34;26;3;UN
100;ELE;ARMADURA EXTERIOR IP65 1X150CM LED;34;6;3;UN
101;ELE;ARMADURA EXTERIOR IP65 1X60CM LED;33;33;3;UN
102;ELE;ARMADURA EXTERIOR IP65 2X150CM LED;34;-1;3;UN
103;ELE;ARMADURA LED T5 12W/6000K 1500LUMEN 120CM;41;0;1;UN
104;ELE;ARMADURA LED T5 14W/ 6000K 1500LUMEN 120CM;42;0;1;UN
105;ELE;ARMADURA SCHRÉDER - PIANO;25;3;2;UN
106;ELE;ARMADURA SCHRÉDER - VOLTANA 3 COM  TELEGESTÃO;45;10;1;UN
107;ELE;ARMADURA SCHRÉDER - VOLTANA 4 COM  TELEGESTÃO;45;30;2;UN
108;EPI'S;ARNES;5;0;1;UN
109;PICH;ARO DE PVC 110;14;10;1;UN
110;PICH;ARO DE PVC 125;14;1;1;UN
111;PICH;ARO DE PVC 90;13;10;1;UN
112;ELE;ARRANCADOR S10;14;83;1;UN
113;ELE;ARRANCADOR S2;13;30;1;UN
114;PICH;AUMENTO CROMADO 5CM 1/2 X 1/2 M/F;33;29;1;UN
115;PICH;AUMENTO REDUÇÃO 5CM 1/2 X 3/8 M/F;33;10;1;UN
116;DIV;AURICULARES C/ARMAÇÃO_ ABAFADORES;33;0;0;UN
117;DIV;AURICULARES DE PROTEÇÃO DE OUVIDO_PAR;37;6;1;UN
118;PICH;AUTOCLISMO DE PLÁSTICO DE DOIS BOTÕES DO TIPO OLI;49;7;2;UN
119;EPI'S;AVENTAL SOLDADOR;16;0;0;UN
120;ELE;BALASTRO ELETRONICO 13W 4P;26;4;1;UN
121;ELE;BALASTRO ELETRÓNICO LC 81W 1200-1750MA FLEX C IPADV;51;20;2;UN
122;ELE;BALASTRO ELETRONICO T8 2X36W;28;0;1;UN
123;ELE;BALASTRO ELETRONICO T8 2X58W;28;23;1;UN
124;ELE;BALASTRO ELETRONICO TL5 1X 54W;30;23;1;UN
125;ELE;BALASTRO ELETRONICO TL5 1X14/35W;32;0;1;UN
126;ELE;BALASTRO ELETRONICO TL5 1X35W;29;1;1;UN
127;ELE;BALASTRO ELETRONICO TL5 1X49W;29;0;1;UN
128;ELE;BALASTRO ELETRONICO TL5 1X58W;29;0;1;UN
129;ELE;BALASTRO ELETRONICO TL5 2X49W;29;5;1;UN
130;ELE;BALASTRO ELETRONICO TL5 2X54W;29;15;1;UN
131;MFE;BALDE DE CONSTRUÇÃO/PRETO 10 LITROS;35;0;1;UN
132;PINT;BALDE DE PINTURA EM PLÁSTICO C/GRELHA METÁLICA DE 13LTS;55;14;2;UN
133;SER;BARRA CHATA 100 X 15MM;22;120;1;M
134;SER;BARRA CHATA 16 X 3MM;20;54;1;M
135;SER;BARRA CHATA 20 X 5MM;20;78;1;M
136;SER;BARRA CHATA 25 X 5MM;20;38;1;M
137;SER;BARRA CHATA 30 X 5MM;20;78;1;M
138;SER;BARRA CHATA 30 X 8MM;20;30;1;M
139;SER;BARRA CHATA 35 X 5MM;20;31;1;M
140;SER;BARRA CHATA 40 X 5MM;20;42;1;M
141;SER;BARRA CHATA 40 X 8MM;20;30;1;M
142;SER;BARRA CHATA 50 X 20MM;21;18;1;M
143;SER;BARRA CHATA 50 X 5MM;20;42;1;M
144;SER;BARRA CHATA 50 X 8MM;20;36;1;M
145;SER;BARRA CHATA 60 X 10MM;21;30;1;M
146;SER;BARRA CHATA 60 X 6MM;20;30;1;M
147;SER;BARRA CHATA 70 X 6MM;20;30;1;M
148;PICH;BARRA DE ESTANHO;16;10;1;UN
149;ELE;BARRA DE LIGADORES DE BORNES 25MM;33;3;1;UN
150;ELE;BARRA DE LIGADORES DE BORNES 35MM;33;-1;1;UN
151;ELE;BARRAMENTO 4X100A;17;0;1;UN
152;ELE;BARRAMENTO 4X80A;16;7;1;UN
153;FER;BATENTE DE PORTA BORRACHA;25;1;2;UN
154;FER;BATENTE DE PORTA EM INOX COM PERNO;34;40;2;UN
155;FER;BATENTE DE PORTA INOX;21;2;1;UN
156;MAQ;BERBEQUIM APARAFUSADOR 18V LXT 50 NM 5.0 AH_ TIPO MAKITA DDF485RTJ, INCUINDO MALA MAKPAC TIPO 2, CARREGADOR E 2 BATERIAS 18V-5A;127;0;1;UN
157;MAQ;BERBEQUIM APARAFUSADOR 18V LXT 50 NM 5.0 AH_ TIPO MAKITA DDF485RTJ, INCUINDO MALA MAKPAC TIPO 2, CARREGADOR E 2 BATERIAS 18V-5A MAKITA;134;0;0;UN
158;MAQ;BERBEQUIM APARAFUSADOR 18V LXT 50NM 5.0AH, INCLUINDO MALA MAKPAC, 2 BATERIAS, CARREGADOR_ TIPO MAKITA ;102;0;1;UN
159;DIV;BIT PONTEIRA COMPRIDA  PZ1 X 50MM;33;99;1;UN
160;DIV;BIT PONTEIRA COMPRIDA  PZ2 X 50MM;33;53;1;UN
161;DIV;BIT PONTEIRA COMPRIDA  PZ3 X 50MM;33;5,5;1;UN
162;DIV;BIT PONTEIRA COMPRIDA TORX 10 X 50MM;36;3;1;UN
163;DIV;BIT PONTEIRA COMPRIDA TORX 15 X 50MM;36;3;1;UN
164;DIV;BIT PONTEIRA COMPRIDA TORX 20 X 50MM;36;3;1;UN
165;DIV;BIT PONTEIRA COMPRIDA TORX 25 X 50MM;36;3;1;UN
166;DIV;BIT PONTEIRA COMPRIDA TORX 8 X 50MM;35;44;1;UN
167;DIV;BIT PONTEIRA CURTA PH1 X 25MM;29;15;1;UN
168;DIV;BIT PONTEIRA CURTA PH2 X 25MM;29;7;1;UN
169;DIV;BIT PONTEIRA CURTA PH3 X 25MM;29;13;1;UN
170;DIV;BIT PONTEIRA CURTA PZ1 X 25MM;29;3;1;UN
171;DIV;BIT PONTEIRA CURTA PZ2 X 25MM;29;4;1;UN
172;DIV;BIT PONTEIRA CURTA PZ3 X 25MM;29;0;1;UN
173;DIV;BIT PONTEIRA CURTA TORX 10 X 25MM;33;3;1;UN
174;DIV;BIT PONTEIRA CURTA TORX 15 X 25MM;33;3;1;UN
175;DIV;BIT PONTEIRA CURTA TORX 20 X 25MM;33;3;1;UN
176;DIV;BIT PONTEIRA CURTA TORX 25 X 25MM;33;3;1;UN
177;DIV;BIT PONTEIRA CURTA TORX 8 X 25MM;32;3;1;UN
178;FAR;BLUSÃO BICOLOR AV TAM - L;25;0;0;UN
179;FAR;BLUSÃO BICOLOR AV TAM - M;25;0;0;UN
180;FAR;BLUSÃO BICOLOR AV TAM - XL;26;0;0;UN
181;FAR;BLUSÃO IGNIFUGO AV MULTINORMAS TAM - 44/46;42;0;0;UN
182;FAR;BLUSÃO IGNIFUGO AV MULTINORMAS TAM - 48/50;42;0;0;UN
183;FAR;BLUSÃO IGNIFUGO AV MULTINORMAS TAM - 52/54;42;0;1;UN
184;FAR;BLUSÃO IGNIFUGO AV MULTINORMAS TAM - 56/58;42;0;0;UN
185;DIV;BOBINE DE ELASTICO PRETO E BRANCA_ COBERTURA DOS PALCOS (100MTS);64;246;1;UN
186;SER;BOBINE DE FIO DE SOLDAR 0.8 15KG;32;10;1;UN
187;SER;BOBINE DE FIO DE SOLDAR 0.8 5KG;31;2;1;UN
188;SER;BOBINE DE FIO DE SOLDAR 1.2 15KG;32;10;1;UN
189;SER;BOBINE DE FIO DE SOLDAR 1.2 5KG;31;4;1;UN
190;MFE;BOLSA P/ FERRAMENTAS EM TECIDO TIPO FACOM BS.T20 OU EXPERT;58;1;1;UN
191;FAR;BONE 5 PAINEIS 100% ALGODÃO , COM GRAVAÇÃO;42;0;1;UN
192;ELE;"BOOSTER 12/24V COM O MÍNIMO DE 900CA_ TIPO SCHUMACHER       
";61;0;0;UN
193;DIV;BORRACHA;8;0;0;UN
194;FAR;BOTA DE PROTEÇÃO C/ BIQUEIRA E PALMILHA DE CARBONO S3 TAM - 39;62;0;1;UN
195;FAR;BOTA DE PROTEÇÃO C/ BIQUEIRA E PALMILHA DE CARBONO S3 TAM - 40;62;0;1;UN
196;FAR;BOTA DE PROTEÇÃO C/ BIQUEIRA E PALMILHA DE CARBONO S3 TAM - 41;62;0;1;UN
197;FAR;BOTA DE PROTEÇÃO C/ BIQUEIRA E PALMILHA DE CARBONO S3 TAM - 42;62;0;1;UN
198;FAR;BOTA DE PROTEÇÃO C/ BIQUEIRA E PALMILHA DE CARBONO S3 TAM - 43;62;0;1;UN
199;FAR;BOTA DE PROTEÇÃO C/ BIQUEIRA E PALMILHA DE CARBONO S3 TAM - 44;62;0;1;UN
200;FAR;BOTA DE PROTEÇÃO C/ BIQUEIRA E PALMILHA DE CARBONO S3 TAM - 45;62;0;1;UN
201;PICH;BOTÃO AUTOCLISMO 1 AGUA OLI;27;35;1;UN
202;ELE;BOTÃO BASCULANTE INTERIOR EFAPEL SERIE 7000;43;33;1;UN
203;ELE;BOTÃO BASCULANTE LUMINOSO INTERIOR EFAPEL SERIE 7000;52;0;1;UN
204;PICH;BOTÃO DE AUTOCLISMO OLI;23;6;1;UN
205;ELE;BOTÃO DE PRESSÃO LUMINOSO EXTERIOR IP65;39;-4;1;UN
206;ELE;BOTÃO DE PRESSÃO NÃO LUMINOSO EXTERIOR IP65;43;0;1;UN
207;DIV;BROCA HSS COBALTO P/INOX_ 1,5MM;31;16;2;UN
208;DIV;BROCA HSS COBALTO P/INOX_ 10,5MM;32;28;3;UN
209;DIV;BROCA HSS COBALTO P/INOX_ 10MM;30;27;3;UN
210;DIV;BROCA HSS COBALTO P/INOX_ 11,5MM;32;10;1;UN
211;DIV;BROCA HSS COBALTO P/INOX_ 11MM;30;8;1;UN
212;DIV;BROCA HSS COBALTO P/INOX_ 12,5MM;32;10;1;UN
213;DIV;BROCA HSS COBALTO P/INOX_ 12MM;30;8;1;UN
214;DIV;BROCA HSS COBALTO P/INOX_ 13,5MM;32;4;1;UN
215;DIV;BROCA HSS COBALTO P/INOX_ 13MM;30;8;1;UN
216;DIV;BROCA HSS COBALTO P/INOX_ 14MM;30;8;1;UN
217;DIV;BROCA HSS COBALTO P/INOX_ 18MM;30;1;1;UN
218;DIV;BROCA HSS COBALTO P/INOX_ 1MM;29;17;2;UN
219;DIV;BROCA HSS COBALTO P/INOX_ 2,5MM;31;17;3;UN
220;DIV;BROCA HSS COBALTO P/INOX_ 2MM;29;20;3;UN
221;DIV;BROCA HSS COBALTO P/INOX_ 3,5MM;31;15;3;UN
222;DIV;BROCA HSS COBALTO P/INOX_ 3MM;29;10;3;UN
223;DIV;BROCA HSS COBALTO P/INOX_ 4,5MM;31;11;3;UN
224;DIV;BROCA HSS COBALTO P/INOX_ 4MM;29;13;3;UN
225;DIV;BROCA HSS COBALTO P/INOX_ 5,5MM;31;25;3;UN
226;DIV;BROCA HSS COBALTO P/INOX_ 5MM;29;16;3;UN
227;DIV;BROCA HSS COBALTO P/INOX_ 6,5MM;31;11;3;UN
228;DIV;BROCA HSS COBALTO P/INOX_ 6MM;29;15;3;UN
229;DIV;BROCA HSS COBALTO P/INOX_ 7,5MM;31;28;3;UN
230;DIV;BROCA HSS COBALTO P/INOX_ 7MM;29;14;3;UN
231;DIV;BROCA HSS COBALTO P/INOX_ 8,5MM;31;25;3;UN
232;DIV;BROCA HSS COBALTO P/INOX_ 8MM;29;21;3;UN
233;DIV;BROCA HSS COBALTO P/INOX_ 9,5MM;31;28;3;UN
234;DIV;BROCA HSS COBALTO P/INOX_ 9MM;29;28;3;UN
235;DIV;BROCA P/BETÃO/PEDRA SDS-PLUS 4 GUMES DE CORTE_ 10 X 160_XLR;59;30;3;UN
236;DIV;BROCA P/BETÃO/PEDRA SDS-PLUS 4 GUMES DE CORTE_ 10 X 300_XLR;59;11;2;UN
237;DIV;BROCA P/BETÃO/PEDRA SDS-PLUS 4 GUMES DE CORTE_ 12 X 160_ XLR;60;16;3;UN
238;DIV;BROCA P/BETÃO/PEDRA SDS-PLUS 4 GUMES DE CORTE_ 14 X 160_ XLR;60;35;3;UN
239;DIV;BROCA P/BETÃO/PEDRA SDS-PLUS 4 GUMES DE CORTE_ 16 X 160_ XLR;60;20;3;UN
240;DIV;BROCA P/BETÃO/PEDRA SDS-PLUS 4 GUMES DE CORTE_ 20MM;51;0;1;UN
241;DIV;BROCA P/BETÃO/PEDRA SDS-PLUS 4 GUMES DE CORTE_ 25MM;51;19;1;UN
242;DIV;BROCA P/BETÃO/PEDRA SDS-PLUS 4 GUMES DE CORTE_ 32MM;51;42;1;UN
243;DIV;BROCA P/BETÃO/PEDRA SDS-PLUS 4 GUMES DE CORTE_ 38MM;51;6;1;UN
244;DIV;BROCA P/BETÃO/PEDRA SDS-PLUS 4 GUMES DE CORTE_ 6 X 160_ XLR;59;16;3;UN
245;DIV;BROCA P/BETÃO/PEDRA SDS-PLUS 4 GUMES DE CORTE_ 6 X 300_ XLR;59;16;1;UN
246;DIV;BROCA P/BETÃO/PEDRA SDS-PLUS 4 GUMES DE CORTE_ 8 X 160_ XLR;59;19;3;UN
247;DIV;BROCA P/BETÃO/PEDRA SDS-PLUS 4 GUMES DE CORTE_ 8 X 300_ XLR;59;2;1;UN
248;DIV;BROCA P/BETÃO/PEDRA SDS-PLUS DE 4 GUMES 14MM X 300MM;52;8;1;UN
249;DIV;BROCA P/BETÃO/PEDRA SDS-PLUS DE 4 GUMES 16MM X 300MM;52;9;1;UN
250;DIV;BUCHA DE CUNHA ZN  M8X90;24;20;1;UN
251;DIV;BUCHA METÁLICA ZN M10;21;-2;2;UN
252;DIV;BUCHA METÁLICA ZN M12;21;20;1;UN
253;DIV;BUCHA METÁLICA ZN M6;20;170;1;UN
254;DIV;BUCHA METÁLICA ZN M8;20;5;2;UN
255;DIV;BUCHA PLÁSTICA M10_ 50CX;24;165;1;UN
256;DIV;BUCHA PLÁSTICA M12;18;92;1;UN
257;DIV;BUCHA PLÁSTICA M6 X 35_ TIPO FISCHER DUOPOWER;45;80;3;UN
258;DIV;BUCHA PLÁSTICA M8X40_ TIPO FISCHER DUOPOWER;43;-127;3;UN
259;DIV;BUCHA TAPIT COM PREGO 6X25MM (50UN);35;2;1;UN
260;DIV;BUCHA TAPIT COM PREGO 6X35MM (50UN);35;2;1;UN
261;DIV;BUCHA TAPIT COM PREGO 6X50MM (50UN);35;2;1;UN
262;DIV;BUCHA TAPIT COM PREGO 6X70MM (50UN);35;2;1;UN
263;DIV;BUCHA TAPIT COM PREGO 8X25MM (50UN);35;2;1;UN
264;DIV;BUCHA TAPIT COM PREGO 8X35MM (50UN);35;2;1;UN
265;DIV;BUCHA TAPIT COM PREGO 8X50MM (50UN);35;2;1;UN
266;DIV;BUCHA TAPIT COM PREGO 8X70MM (50UN);35;2;1;UN
267;DIV;BUCHA TIPO GUARDA-CHUVA 6X37,5;30;30;1;UN
268;ELE;BUCIM;5;9;1;UN
269;MFE;BUSCA POLOS 170MM (80×3.5MM), TIPO SD 1301;42;0;0;UN
270;DIV;CABIDE DUPLO CROMADO COM MEDIDAS 60MM HASTE DE CIMA E 40MM HASTE DE BAIXO;73;-155;2;UN
271;ELE;CABO 3G1,5MM FLEXÍVEL BRANCO;28;0;1;M
272;SER;CABO DE AÇO GALVANIZADO DE 4MM;30;100;1;M
273;SER;CABO DE AÇO GALVANIZADO DE 6MM;30;100;1;M
274;SER;CABO DE AÇO GALVANIZADO REVESTIDO DE 3MM;40;99;1;M
275;SER;CABO DE AÇO GALVANIZADO REVESTIDO DE 5MM;40;100;1;M
276;SER;CABO DE AÇO INOX DE 3MM;23;100;1;M
277;SER;CABO DE AÇO INOX DE 5MM;23;15;1;M
278;ELE;CABO DE AÇO INOX REVESTIDO DE 4MM;33;0;0;M
279;ELE;CABO DE AÇO INOX REVESTIDO DE 6MM;33;0;0;M
280;ELE;CABO DE BORRACHA H07RN-F 5G 25MM;32;0;0;M
281;ELE;CABO FVV-P 5G10MM2;18;26;2;M
282;ELE;CABO FVV-P 5G6MM2;17;0;1;M
283;ELE;CABO FVV-P PRETO 3G1,5MM;24;890;3;M
284;ELE;CABO FVV-P PRETO 3G2,5MM;24;1158;3;M
285;ELE;CABO LIVRE DE HALOGÉNIOS XRZ 1-K 5G2,5 FLEXÍVEL;47;45;1;M
286;MFE;CABO LONGO PARA ENCHADA MADEIRA 1200 X 37 X 37 MM BELLOTA M3 - SB 1200;70;0;0;M
287;MFE;CABO LONGO PARA PICAS EM MADEIRA 1195 X 50 X 36MM BELLOTA M 5520L;65;0;0;M
288;MFE;CABO LONGO PARA VASSOURAS MADEIRA 1200 X 30 X 30MM BELLOTA M3020;64;0;0;M
289;ELE;CABO RZ1-K 3G1,5MM2 VERDE;25;115;2;M
290;ELE;CABO RZ1-K 3G2,5MM2 VERDE;25;75;2;M
291;ELE;CABO RZ1-K 5G4MM2 VERDE;23;240;1;M
292;ELE;CABO V 16MM VERDE-AMARELO;25;3;1;M
293;ELE;CABO VV/XV PRETO 3G1,5MM;24;100;2;M
294;ELE;CABO VV/XV PRETO 3G2,5MM;24;270;1;M
295;DIV;CADEADO DE 50MM NORMAL;22;11;3;UN
296;FER;CADEADO DE CHAVE UNIVERSAL_ ABUS 84IB/50 KA 8501;48;0;1;UN
297;FER;CADEADO LATÃO 40MM;18;7;2;UN
298;CAR;CAIBRO DE PINHO TRATADO 2600 X 100 X 100MM 1ª QUALIDADE;55;16;1;UN
299;CAR;CAIBRO DE PINHO TRATADO 2600 X 120 X 120MM 1ª QUALIDADE;55;15;1;UN
300;CAR;CAIBRO DE PINHO TRATADO 2600 X 80 X 80MM 1ª QUALIDADE;53;12;1;UN
301;ELE;CAIXA APARELHO FUNDA DE EMBUTIR;31;-2;1;UN
302;FER;CAIXA DE 100 X 100MM ESTANQUE;29;2;1;UN
303;DIV;CAIXA DE AGRAFOS TIPO A 10MM_1000UN;35;0;1;UN
304;DIV;CAIXA DE AGRAFOS TIPO A 8MM_1000UN;34;0;1;UN
305;DIV;CAIXA DE AGRAFOS TIPO G 10MM_1000UN;35;4;1;UN
306;DIV;CAIXA DE AGRAFOS TIPO G 8MM_1000UN;34;4;1;UN
307;ELE;CAIXA DE APARELHO DE EMBUTIR NORMAL;35;0;1;UN
308;DIV;CAIXA DE BICO 10L CINZA C/ 280 (H) X 350 (C) X 160 (L)MM;56;10;1;UN
309;DIV;CAIXA DE BICO 1L VERMELHA C/ 83 (H) X 165 (C) X 103 (L)MM;57;6;1;UN
310;DIV;CAIXA DE BICO 4L VERDE C/ 250 (H) X 150 (C) X 130 (L)MM;55;8;1;UN
311;FER;CAIXA DE BITS_ TIPO MAKITA B-66880;34;0;1;UN
312;ELE;CAIXA DE CABO UTP CAT 6 (305M UNIDADE);38;271;2;UN
313;DIV;CAIXA DE CORREIO;16;0;0;UN
314;CAR;CAIXA DE DISCOS ABRASIVOS 125MM 8 FUROS HI P100 P/ LIXADEIRA ROTATIVA_ TIPO INDASA ;83;190;2;UN
315;CAR;CAIXA DE DISCOS ABRASIVOS 125MM 8 FUROS HI P120 P/ LIXADEIRA ROTATIVA_ TIPO INDASA ;83;180;2;UN
316;CAR;CAIXA DE DISCOS ABRASIVOS 125MM 8 FUROS HI P150 P/ LIXADEIRA ROTATIVA_ TIPO INDASA ;83;200;2;UN
317;CAR;CAIXA DE DISCOS ABRASIVOS 125MM 8 FUROS HI P60 P/ LIXADEIRA ROTATIVA_ TIPO INDASA ;82;200;2;UN
318;CAR;CAIXA DE DISCOS ABRASIVOS 125MM 8 FUROS HI P80 P/ LIXADEIRA ROTATIVA_ TIPO INDASA ;82;200;2;UN
319;DIV;CAIXA DE LAMINAS PARA X'ACTO DE 18MM GAMA PRO;45;9;3;UN
320;DIV;CAIXA DE LAMINAS PARA X'ACTO DE 25MM GAMA PRO;45;2;1;UN
321;MFE;CAIXA DE MANUTENÇÃO REBITES ALUMÍNIO MULTIPLAS MEDIDAS TIPO FACOM Y.RIV1 OU EXPERT;82;0;0;UN
322;PICH;CAIXA DE PASSADOR PPR 25 X 1/2 X 25;35;10;1;UN
323;ELE;CAIXA DERIVAÇÃO CINZENTA 80X80X50;33;5;1;UN
324;ELE;CAIXA ENCASTRAVEL DE TOMADA SHUCKO PARA CALHA 110X50_ TIPO EFAPEL;65;11;1;UN
325;ELE;CAIXA ESTANQUE CINZENTAS 220X170X80MM;37;0;1;UN
326;ELE;CAIXA ESTANQUE CINZENTAS 80X80MM;32;155;5;UN
327;ELE;CAIXA ESTANQUE CINZENTAS 80X80X30MM;35;10;1;UN
328;EPI'S;CAIXA LUVAS LATEX TAM - L (100UN);33;-100;1;UN
329;ELE;CAIXA PARA PLADUR 80 X 80 X 30MM BRANCA;39;20;1;UN
330;ELE;CAIXA QUADRADA ESTANQUE 115X115;31;12;1;UN
331;TRO;CAL HIDRÁULICA  - SACO DE 25KG;30;0;0;UN
332;FAR;CALÇA AV MULTINORMAS IGNIFUGA TAM - 42/44;41;0;0;UN
333;FAR;CALÇA AV MULTINORMAS IGNIFUGA TAM - 46/48;41;0;0;UN
334;FAR;CALÇA AV MULTINORMAS IGNIFUGA TAM - 50/52;41;0;0;UN
335;FAR;CALÇA AV MULTINORMAS IGNIFUGA TAM - 54/56;41;0;0;UN
336;FAR;CALÇA AV MULTINORMAS IGNIFUGA TAM - 58/60;41;0;0;UN
337;FAR;CALÇA BICOLOR AV TAM - 38;25;0;0;UN
338;FAR;CALÇA BICOLOR AV TAM - 40;25;0;0;UN
339;FAR;CALÇA BICOLOR AV TAM - 42;25;0;0;UN
340;FAR;CALÇA BICOLOR AV TAM - 44;25;0;0;UN
341;FAR;CALÇA BICOLOR AV TAM - 46;25;0;0;UN
342;FAR;CALÇA BICOLOR AV TAM - 48;25;0;0;UN
343;FAR;CALÇA BICOLOR AV TAM - 50;25;0;0;UN
344;FAR;CALÇA BICOLOR AV TAM - 52;25;0;0;UN
345;FAR;CALÇA IMPERMEÁVEL ELKA WORKING XTREME LIGHT TAM - L;51;0;0;UN
346;FAR;CALÇA IMPERMEÁVEL ELKA WORKING XTREME LIGHT TAM - M;51;0;0;UN
347;FAR;CALÇA IMPERMEÁVEL ELKA WORKING XTREME LIGHT TAM - S;51;0;0;UN
348;FAR;CALÇA IMPERMEÁVEL ELKA WORKING XTREME LIGHT TAM - XL;52;0;0;UN
349;FAR;CALÇA IMPERMEÁVEL ELKA WORKING XTREME LIGHT TAM - XXL;53;0;0;UN
350;FAR;CALÇA IMPERMEÁVEL IGNIFUGA TAM - L;34;0;1;UN
351;FAR;CALÇA IMPERMEÁVEL IGNIFUGA TAM - M;34;0;0;UN
352;FAR;CALÇA IMPERMEÁVEL IGNIFUGA TAM - XL;35;0;0;UN
353;PICH;CALÇÃO DE SANITA;16;8;1;UN
354;PICH;CALÇÃO DE SANITA EXCÊNTRICO 110 X 90 - 3CM;42;27;2;UN
355;DIV;CALÇO DE BORRACHA PARA CADEIRA REDONDO 25MM;43;400;1;UN
356;ELE;CALHA 110X50 EFAPEL;19;0;2;UN
357;ELE;CALHA 32X16 (2MTS-UN) BRANCA_ TIPO EFAPEL;41;20;1;UN
358;ELE;CALHA ALHETA 40X40;18;0;1;UN
359;ELE;CALHA ALHETA 60X40;18;0;1;UN
360;ELE;CALHA AUTOCOLANTE 32/16 (2MTS)_TIPO EFAPEL;42;527;3;UN
361;ELE;CALHA BRANCA 60X16 (2MTS-UN) BRANCA_TIPO EFAPEL;47;50;1;UN
362;ELE;CALHA DE ALHETAS PARA QUADROS ELÉTRICOS 40 X 40MM;49;40;1;UN
363;ELE;CALHA DE CHÃO 50X12 (2MTS-UN) CINZENTA_TIPO EFAPEL;50;14;1;UN
364;ELE;CALHA DE CHÃO 80X12 (2MTS-UN) CINZENTA_TIPO EFAPEL;50;7;1;UN
365;SER;"CALHA ZINCOR FORMATO L 40 X 12 (MEDIDAS INTERIORES) ESPESSURA 1,5 EM PEÇAS DE 2M DE COMPRIMENTO ( ANEXO ""ARTIGO 3.1_LOTE5"")";123;300;1;UN
366;SER;CALHA ZINCOR FORMATO L 60 X 12 (MEDIDAS INTERIORES) ESPESSURA 1,5 EM PEÇAS DE 2M DE COMPRIMENTO;95;150;1;UN
367;MAQ;"CÂMARA DE INSPECÇÃO TIPO  GIC 120 C + MALA L-BOXX + CARREGADOR E BATERIA BOSCH
ACRESCENTO DE CABO PARA 5 METROS";111;0;0;UN
368;MAQ;CÂMARA TERMOGRÁFICA FLUKE TI401 PRO;35;0;0;UN
369;ELE;CAMPAINHA AUXILIAR 12V;22;1;1;UN
370;ELE;CAMPAINHA AUXILIAR 230V;23;4;1;UN
371;ELE;CAMPAINHA AUXILIAR 24V;22;1;1;UN
372;ELE;CAMPAÍNHA ELETRONICA 2 ENTRADAS ELVOX 860A (RESPEITAR O PRODUTO INDICADO PORQUE TRATA-SE DE COMPLEMENTOS PARA EQUIPAMENTOS JÁ INSTALADOS);137;4;1;UN
373;ELE;CAMPANULA LED FLEX - 200W/5000K  SLIGHTING DO TIPO OSRAM;56;9;2;UN
374;ARR;CANAL PRETO PARA GRELHA ABS 125X1000MM;38;4;1;UN
375;DIV;CANETA AZUL;11;0;0;UN
376;FER;CANHÃO CILINDRICO CHAVE SEGURANÇA 30 X 30 MM;44;3;3;UN
377;FER;CANHÃO CILINDRO 30 X 50 DESCENTRADO;35;23;3;UN
378;FER;CANHÃO CILINDRO 30 X 70 DESCENTRADO;35;10;3;UN
379;SER;CANTONEIRA 20 X 20 X 3MM;24;30;1;UN
380;SER;CANTONEIRA 25 X 25 X 5MM;24;2;1;UN
381;SER;CANTONEIRA 30 X 30 X 5MM;24;52;1;UN
382;SER;CANTONEIRA 35 X 35 X 5MM;24;72;1;UN
383;SER;CANTONEIRA 40 X 40 X 5MM;24;42;1;UN
384;EPI'S;CAPACETE BRANCO;15;0;0;UN
385;EPI'S;CAPACETE FIELD;14;0;0;UN
386;MFE;"CARRINHO DE MÃO COM 1 RODA PNEUMATICA EM AÇO GALVANIZADO DE 65 LITROS_ ANEXO ""LOTE2_1.23_CARRO DE MÃO""";102;150;1;UN
387;MFE;"CARRO DE LAVOURA C/ 2 RODAS_ ANEXO ""LOTE2_1.24_CARRO DE LAVOURA""";64;200;1;UN
388;PICH;CARTUCHO P/MISTURADORA 25;25;24;1;UN
389;PICH;CARTUCHO P/MISTURADORA 35;25;18;2;UN
390;PICH;CARTUCHO P/MISTURADORA 40;25;27;1;UN
391;FAR;CASACO SOFTSHELL AV KIAMA MASCOT SAFE LIGHT TAM - L;51;0;0;UN
392;FAR;CASACO SOFTSHELL AV KIAMA MASCOT SAFE LIGHT TAM - M;51;0;0;UN
393;FAR;CASACO SOFTSHELL AV KIAMA MASCOT SAFE LIGHT TAM - S;51;0;0;UN
394;FAR;CASACO SOFTSHELL AV KIAMA MASCOT SAFE LIGHT TAM - XL;52;0;0;UN
395;FAR;CASACO SOFTSHELL AV KIAMA MASCOT SAFE LIGHT TAM - XXL;53;0;0;UN
396;FAR;CASACO SOFTSHELL IGNIFUGO MULTINORMAS PLAYFORD SIOEN TAM - L;60;0;0;UN
397;FAR;CASACO SOFTSHELL IGNIFUGO MULTINORMAS PLAYFORD SIOEN TAM - M;60;0;0;UN
398;FAR;CASACO SOFTSHELL IGNIFUGO MULTINORMAS PLAYFORD SIOEN TAM - S;60;0;0;UN
399;FAR;CASACO SOFTSHELL IGNIFUGO MULTINORMAS PLAYFORD SIOEN TAM - XL;61;0;0;UN
400;FAR;CASACO SOFTSHELL IGNIFUGO MULTINORMAS PLAYFORD SIOEN TAM - XXL;62;0;0;UN
401;PICH;"CASQUILHO CROMADO 1/2 "", 3CM";28;16;1;UN
402;PICH;CASQUILHO CROMADO 1/2 X 1/2 MACHO 4CM;37;64;2;UN
403;PICH;"CASQUILHO CROMADO 1/2"", 4CM";27;0;1;UN
404;PICH;"CASQUILHO CROMADO 3/4"", 3CM";27;14;1;UN
405;PICH;"CASQUILHO CROMADO 3/4"", 6CM";27;0;1;UN
406;PICH;CASQUILHO CROMADO DE REDUÇÃO 1/2 X 3/8, 2CM;43;0;1;UN
407;PICH;CASQUILHO CROMADO DE REDUÇÃO 1/2 X 3/8, 3CM;43;-1;1;UN
408;ELE;CASQUILHO E14;13;22;2;UN
409;ELE;CASQUILHO E27;13;173;3;UN
410;PICH;"CASQUILHO LATÃO DUPLO 1""";24;34;2;UN
411;PICH;"CASQUILHO LATÃO DUPLO 1/2""";26;2;2;UN
412;PICH;"CASQUILHO LATÃO DUPLO 3/4""";26;22;2;UN
413;PICH;"CASQUILHO PORCA  REDUÇÃO 1"" X 3/4 LATÃO";39;92;2;UN
414;PICH;CASQUILHO PORCA 1/2 X 3/8 CROMADO M/F;37;46;2;UN
415;PICH;CASQUILHO PORCA 3/4 X 1/2 CROMADO M/F;37;30;2;UN
416;PICH;"CASQUILHO PORCA REDUÇÃO 1"" X 1/2 LATÃO";38;0;1;UN
417;PICH;CASQUILHO PORCA REDUÇÃO 1/2X3/8 LATÃO;37;24;2;UN
418;PICH;CASQUILHO PORCA REDUÇÃO 3/4 X 1/2 LATÃO;39;10;2;UN
419;PICH;CASTELO 1/2;11;20;2;UN
420;PICH;CASTELO 3/4;11;25;2;UN
421;PICH;CASTELO CERÂMICO 1/4 DE VOLTA FRIO 1/2;38;19;2;UN
422;PICH;CASTELO CERÂMICO 1/4 DE VOLTA FRIO 3/4;38;20;2;UN
423;PICH;CASTELO CERÂMICO 1/4 DE VOLTA QUENTE 1/2;40;20;1;UN
424;PICH;CASTELO CERÂMICO 1/4 DE VOLTA QUENTE 3/4;40;20;1;UN
425;PICH;CASTELO P/TORNEIRA 1/2 ESTRIA FINA CURTA;40;0;1;UN
426;PICH;CASTELO P/TORNEIRA 1/2 ESTRIA FINA LONGA;40;18;1;UN
427;PICH;CASTELO P/TORNEIRA 1/2 ESTRIA GROSSA CURTA;42;14;2;UN
428;PICH;CASTELO P/TORNEIRA 1/2 ESTRIA GROSSA LONGA;42;20;1;UN
429;PICH;CASTELO PASSADOR CASA DE BANHO 1/2;34;30;2;UN
430;PICH;CASTELO PASSADOR PPR 1/2;24;0;0;UN
431;PICH;CASTELO PASSADOR PPR 3/4;24;0;1;UN
432;PICH;CASTELO PASSADOR PPR 32;23;13;1;UN
433;ELE;CELULAS DE TELEGESTÃO SCHRÉDER;30;0;1;UN
434;ELE;CENTRO DE RJ45 SERIE 7000 EFAPEL;32;0;1;UN
435;ELE;CENTRO DE RJ45 SERIE 9000 EFAPEL;32;5;1;UN
436;ELE;CENTRO DE TOMADA SERIE 7000 EFAPEL;34;172;3;UN
437;ELE;CENTRO DE TOMADA SERIE 9000 EFAPEL;34;45;2;UN
438;MFE;"CHAVE CANOS BICO PAPAGAIO 300 MM (16""), TIPO MUNDIAL 500.030";60;0;0;UN
439;MFE;CHAVE DE ABERTURA VARIÁVEL CREMELHEIRA TIPO FACOM 105.375 OU EXPERT;67;0;0;UN
440;MFE;CHAVE DE ABERTURA VARIÁVEL CRESCENTE CROMADA TIPO FACOM 113A.12C OU EXPERT;74;150;1;UN
441;MFE;"CHAVE DE CANOS 12"" (305MM) TIPO GERMANY OU EXPERT";49;0;1;UN
442;MFE;"CHAVE DE CANOS 9"" (255MM) TIPO GERMANY OU EXPERT";48;0;0;UN
443;MFE;CHAVE DE ESTRELA GRANDE BELLOTA REF.66220PH1;44;0;0;UN
444;MFE;CHAVE DE ESTRELA GRANDE BELLOTA REF.66220PH2;44;0;0;UN
445;MFE;CHAVE DE FENDA GRANDE BELLOTA REF.66210-8X175;45;0;0;UN
446;MFE;CHAVE DE FENDA PEQUENA BELLOTA REF.66210-5X125;46;0;0;UN
447;MAQ;CHAVE DE IMPACTO LXT, MOD. DTW 1002ZJ, À BATERIA 18V 5AH INCLUINDO MALA MAKPAC, 2 BATERIAS, CARREGADOR_ TIPO MAKITA ;116;0;1;UN
448;MFE;"CHAVE DE ROQUETE DE 1/2"" (SÓ CHAVE) DO TIPO EXPERT";50;190;1;UN
449;MAQ;CHAVE IMPACTO 18V A BATERIA_ TIPO MAKITA DTW1002ZJ INCUINDO MALA MAKPAC TIPO 2, CARREGADOR E 2 BATERIAS 18V-5A;110;0;0;UN
450;MAQ;CHAVE IMPACTO 18V A BATERIA_ TIPO MAKITA DTW1002ZJ INCUINDO MALA MAKPAC TIPO 2, CARREGADOR E 2 BATERIAS 18V-5A MAKITA;117;0;0;UN
451;MAQ;"CHAVE IMPACTO DE 1/4"" 18V A BATERIA 5.0AH BL_ TIPO MAKITA DTD153RTJ INCUINDO MALA MAKPAC TIPO 2, CARREGADOR E 2 BATERIAS 18V-5A MAKITA";134;0;0;UN
452;MFE;CHAVE ISOLADA 1000V P/ PARAFUSOS DE BORNEO TIPO FACOM ATB.J4TVE OU EXPERT;73;0;0;UN
453;MFE;CHAVE ISOLADA 1000V P/ PARAFUSOS DE BORNEO TIPO FACOM ATB.J8TVE OU EXPERT;73;0;0;UN
454;MFE;CHAVE ISOLADA 1000V P/ PARAFUSOS DE FENDA TIPO FACOM AT2.5X50VE OU EXPERT;73;0;0;UN
455;MFE;CHAVE ISOLADA 1000V P/ PARAFUSOS DE FENDA TIPO FACOM AT3.5X75VE OU EXPERT;73;0;0;UN
456;MFE;CHAVE ISOLADA 1000V P/ PARAFUSOS DE FENDA TIPO FACOM AT5.5X125VE OU EXPERT;74;0;0;UN
457;MFE;CHAVE ISOLADA 1000V P/ PARAFUSOS DE FENDA TIPO FACOM AT8X200VE OU EXPERT;72;0;0;UN
458;MFE;CHAVE ISOLADA 1000V P/ PARAFUSOS DE PHILIPHS TIPO FACOM ATP0X75VE OU EXPERT;75;0;0;UN
459;MFE;CHAVE ISOLADA 1000V P/ PARAFUSOS DE PHILIPHS TIPO FACOM ATP2X125VE OU EXPERT;76;0;0;UN
460;MFE;CHAVE ISOLADA 1000V P/ PARAFUSOS DE PHILIPHS TIPO FACOM ATP3X150VE OU EXPERT;76;0;0;UN
461;MFE;CHAVE ISOLADA 1000V P/ PARAFUSOS DE PHILIPHS TIPO FACOM ATP4X200VE OU EXPERT;76;0;0;UN
462;MFE;CHAVE ISOLADA 1000V P/ PARAFUSOS DE POZIDRIV TIPO FACOM ATD1X100VE OU EXPERT;76;0;0;UN
463;MFE;CHAVE ISOLADA 1000V P/ PARAFUSOS DE POZIDRIV TIPO FACOM ATD2X125VE OU EXPERT;76;0;0;UN
464;MFE;CHAVE ISOLADA 1000V P/ PARAFUSOS DE POZIDRIV TIPO FACOM ATD3X150VE OU EXPERT;76;0;0;UN
465;MFE;CHAVE MACHO INOX SEXTAVADA TAMANHO 12MM_ TIPO FACOM OU EXPERT;61;0;0;UN
466;MFE;CHAVE MACHO INOX SEXTAVADA TAMANHO 14MM_ TIPO FACOM OU EXPERT;61;0;0;UN
467;MFE;CHAVE MACHO INOX SEXTAVADA TAMANHO 17MM_ TIPO FACOM OU EXPERT;61;0;0;UN
468;MFE;CHAVE MACHO INOX SEXTAVADA TAMANHO 19MM_ TIPO FACOM OU EXPERT;61;0;0;UN
469;MFE;CHAVE MACHO INOX SEXTAVADA TAMANHO 7MM_ TIPO FACOM OU EXPERT;60;0;0;UN
470;MFE;CHAVE MACHO INOX SEXTAVADA TAMANHO 9MM_ TIPO FACOM OU EXPERT;60;0;0;UN
471;MFE;CHAVE MISTA DE ROQUETE MÉTRICA 20 TIPO FACOM 467B.20 OU EXPERT;62;0;0;UN
472;MFE;CHAVE MISTA DE ROQUETE MÉTRICA 21 TIPO FACOM 467B.21 OU EXPERT;62;0;0;UN
473;MFE;CHAVE MISTA DE ROQUETE MÉTRICA 22 TIPO FACOM 467B.22 OU EXPERT;62;0;0;UN
474;MFE;CHAVE MISTA DE ROQUETE MÉTRICA 24 TIPO FACOM 467B.24 OU EXPERT;62;300;1;UN
475;MFE;CHAVE MISTA DE ROQUETE MÉTRICA 27 TIPO FACOM 467B.27 OU EXPERT;62;291;1;UN
476;MFE;CHAVE MISTA DE ROQUETE MÉTRICA 30 TIPO FACOM 467B.30 OU EXPERT;62;0;0;UN
477;MFE;CHAVE MISTA DE ROQUETE MÉTRICA 32 TIPO FACOM 467B.32 OU EXPERT;62;0;0;UN
478;MFE;CHAVE PARAFUSOS DE FENDA TIPO FACOM ANF-PROTWIST SHOCK ATF8X150 OU EXPERT;73;0;0;UN
479;MFE;CHAVE PARAFUSOS DE FENDA TIPO FACOM AN-PROTWIST SHOCK AT2X75 OU EXPERT;70;0;0;UN
480;MFE;CHAVE PARAFUSOS DE FENDA TIPO FACOM AN-PROTWIST SHOCK AT3X100 OU EXPERT;71;0;0;UN
481;MFE;CHAVE PARAFUSOS DE FENDA TIPO FACOM AN-PROTWIST SHOCK AT4X100 OU EXPERT;71;0;0;UN
482;MFE;CHAVE PARAFUSOS DE FENDA TIPO FACOM AN-PROTWIST SHOCK AT5,5X125 OU EXPERT;73;0;0;UN
483;MFE;CHAVE PARAFUSOS DE FENDA TIPO FACOM AN-PROTWIST SHOCK AT5,5X35 OU EXPERT;72;0;0;UN
484;MFE;CHAVE PARAFUSOS DE FENDA TIPO FACOM AN-PROTWIST SHOCK AT6,5X125 OU EXPERT;73;0;0;UN
485;MFE;CHAVE PARAFUSOS PH TIPO FACOM AN-PROTWIST SHOCK ATP0X75 OU EXPERT;65;0;0;UN
486;MFE;CHAVE PARAFUSOS PH TIPO FACOM AN-PROTWIST SHOCK ATP1X100 OU EXPERT;66;0;0;UN
487;MFE;CHAVE PARAFUSOS PH TIPO FACOM AN-PROTWIST SHOCK ATP2X35 OU EXPERT;65;0;0;UN
488;MFE;CHAVE PARAFUSOS PH TIPO FACOM AWPH-PROTWIST SHOCK ATWPH1X100 OU EXPERT;70;0;0;UN
489;MFE;CHAVE PARAFUSOS PH TIPO FACOM AWPH-PROTWIST SHOCK ATWPH2X125 OU EXPERT;70;0;0;UN
490;MFE;CHAVE PARAFUSOS PH TIPO FACOM AWPH-PROTWIST SHOCK ATWPH3X150 OU EXPERT;70;0;0;UN
491;MFE;CHAVE PARAFUSOS PH TIPO FACOM AWPH-PROTWIST SHOCK ATWPH4X200 OU EXPERT;70;0;0;UN
492;MFE;CHAVE PARAFUSOS PZ TIPO FACOM AND-PROTWIST SHOCK ATD0X75 OU EXPERT;66;0;0;UN
493;MFE;CHAVE PARAFUSOS PZ TIPO FACOM AND-PROTWIST SHOCK ATD1X100 OU EXPERT;67;0;0;UN
494;MFE;CHAVE PARAFUSOS PZ TIPO FACOM AND-PROTWIST SHOCK ATD2X35 OU EXPERT;66;0;0;UN
495;MFE;CHAVE PARAFUSOS PZ TIPO FACOM AWDH-PROTWIST SHOCK ATWDH1X100 OU EXPERT;70;0;0;UN
496;MFE;CHAVE PARAFUSOS PZ TIPO FACOM AWDH-PROTWIST SHOCK ATWDH2X125 OU EXPERT;70;0;0;UN
497;MFE;CHAVE PARAFUSOS PZ TIPO FACOM AWDH-PROTWIST SHOCK ATWDH3X150 OU EXPERT;70;0;0;UN
498;MFE;CHAVE PARAFUSOS PZ TIPO FACOM AWDH-PROTWIST SHOCK ATWDH4X200 OU EXPERT;70;0;0;UN
499;MFE;CHAVE TORX LONGA EM AÇO INOXIDAVEL Nº T55;41;0;0;UN
500;MFE;CHAVE TORX LONGA EM AÇO INOXIDAVEL Nº T6;40;0;0;UN
501;MFE;CHAVE TORX LONGA EM AÇO INOXIDAVEL Nº T60;41;0;0;UN
502;MFE;CHAVE TORX LONGA EM AÇO INOXIDAVEL Nº T7;40;0;0;UN
503;MFE;CHAVE TORX LONGA EM AÇO INOXIDAVEL Nº T8;40;0;0;UN
504;MFE;CHAVE TUBULAR COM CABO T DUPLO FORGADA MÉTRICA 22 TIPO FACOM 97.20X22 OU EXPERT;79;0;0;UN
505;MFE;CHAVE TUBULAR COM CABO T DUPLO FORGADA MÉTRICA 23 TIPO FACOM 97.21X23 OU EXPERT;79;0;0;UN
506;MFE;CHAVE TUBULAR COM CABO T DUPLO FORGADA MÉTRICA 26 TIPO FACOM 97.24X26 OU EXPERT;79;0;0;UN
507;PICH;CIFÃO DE PAVIMENTO 40X50X110 PVC DIN;36;3;1;UN
508;PICH;CIFÃO DE PAVIMENTO 50X75X125 PVC DIN;36;1;1;UN
509;TRO;CIMENTO COLA WEBER CINZENTO_25KG;32;8;2;UN
510;CAR;CINTA DE LIXA 100 X 675MM GRÃO 100;34;33;2;UN
511;CAR;CINTA DE LIXA 100 X 675MM GRÃO 60;33;33;2;UN
512;CAR;CINTA DE LIXA 100 X 675MM GRÃO 80;33;33;2;UN
513;CAR;COLA BRANCA 1KG_ TIPO TABACO;28;5;3;UN
514;CAR;COLA BRANCA PARA MADEIRA_ BISNAGA_1KG;37;0;1;UN
515;DIV;COLA CONTACTO_1LTS;18;43;3;UN
516;PICH;COLA DE PVC C/ PINCEL DE 1/4L;29;12;3;UN
517;DIV;COLA E VEDA BRANCO 290ML TIPO SOUDAL T-REX;42;24;4;UN
518;DIV;COLA E VEDA CINZENTO 290ML TIPO SOUDAL T-REX;44;22;3;UN
519;DIV;COLA E VEDA NAÚTICO BRANCO;26;0;0;UN
520;DIV;COLA E VEDA TRANSPARENTE 290ML TIPO SOUDAL T-REX CRISTAL;56;23;3;UN
521;EPI'S;COLETE AV MULTIBOLSOS TAM - L;29;0;1;UN
522;EPI'S;COLETE AV MULTIBOLSOS TAM - M;29;0;0;UN
523;EPI'S;COLETE AV MULTIBOLSOS TAM - S;29;0;0;UN
524;EPI'S;COLETE AV MULTIBOLSOS TAM - XL;30;0;0;UN
525;EPI'S;COLETE AV MULTIBOLSOS TAM - XXL;31;0;0;UN
526;EPI'S;COLETE MULTINORMAS IGNIFUGO CORATO SIOEN TAM - L;48;0;0;UN
527;EPI'S;COLETE MULTINORMAS IGNIFUGO CORATO SIOEN TAM - M;48;0;0;UN
528;EPI'S;COLETE MULTINORMAS IGNIFUGO CORATO SIOEN TAM - XL;49;0;0;UN
529;MFE;COLHER PEDREIRO CANTOS CORTADOS 165 X 92MM BELLOTA REF.5842-F;61;-2;1;UN
530;MFE;COMPASSO PERNAS DIREITAS TIPO FACOM DELA.1901.07 OU EXPERT;58;0;0;UN
531;MAQ;COMPRESSOR 6L 1,5HP DN200/8/6_ TIPO STANLEY, INCLUINDO KIT DE MANGUEIRAS;72;0;0;UN
532;MAQ;COMPRESSOR COM OLEO DE 50L_ TIPO STANLEY FATMAX;47;0;0;UN
533;MAQ;COMPRESSOR DE 50L TIPO STANLEY FATMAX;37;0;0;UN
534;ELE;COMUTADOR DE ESCADA DUPLO EXTERIOR IP65;39;0;0;UN
535;ELE;COMUTADOR DE ESCADA DUPLOS INTERIORES BRANCOS;45;0;1;UN
536;ELE;COMUTADOR DE ESCADA EXTERIOR IP65;33;8;1;UN
537;ELE;COMUTADOR DE ESCADA INTERIORES_TIPO EFAPEL;42;32;3;UN
538;ELE;COMUTADOR DE LUSTRE EXTERIOR IP65;33;0;1;UN
539;ELE;COMUTADOR DE LUSTRE INTERIORES_TIPO EFAPEL;42;35;3;UN
540;TRA;CONE DE TRÂNSITO FLEXÍVEIS EM BORRACHA 350 X 500MM;50;0;0;UN
541;ELE;CONECTOR FÊMEA RJ45 CAT6;24;0;1;UN
542;ELE;CONECTOR P/FIO 2,5 IP65 TIPO BUCIM;34;912;1;UN
543;DIV;"CONETOR ENGATE RÁPIDO 1"" LATÃO";30;8;1;UN
544;DIV;"CONETOR ENGATE RÁPIDO 3/4"" LATÃO";32;10;1;UN
545;MFE;"CONJUNTO CHAVE TORX LONGAS EM AÇO INOXIDADO NºT9 AO T50_ ANEXO""LOTE2_1.92_TORX""";79;0;1;UN
546;MFE;CONJUNTO DE 4 ALICATES DE FREIOS, TIPO EXPERT;45;0;0;UN
547;MFE;"CONJUNTO DE BROCAS CRANIANAS P/ MADEIRA 13PEÇAS_ TIPO BOSCH _ ANEXO ""LOTE2_1.94_CRANEANAS""";90;0;0;UN
548;MFE;CONJUNTO DE CHAVES DE BOCAS 6-22MM DO TIPO EXPERT;49;0;0;UN
549;MFE;"CONJUNTO DE LIMA TRIANGULAR P/ AFIAR SERROTE 0,5_ ANEXO ""LOTE2_1.96_LIMAS""";74;0;0;UN
550;ELE;CONTACTOR BOBINE 230/400V 25A;29;5;1;UN
551;ELE;CONTACTOR BOBINE 230/400V 60A;29;0;1;UN
552;EPI'S;CORDA 12MM C/ 1,5MTS COMPRIMENTO COM MOSQUETÃO E GANCHO;55;0;0;UN
553;EPI'S;CORDA DE LIGAÇÃO COM ABSORÇÃO DE ENERGIA 1,5MTS;47;0;0;UN
554;DIV;CORDA NAUTICA DE 10MM;21;200;1;UN
555;DIV;CORDA NAUTICA DE 3MM;20;300;1;UN
556;SER;CORRENTE INOX P/ EXTENSÃO 4 X 3MM;33;50;1;UN
557;DIV;CORRETOR;8;0;0;UN
558;MAQ;CORTADOR DE CERÂMICA 660MM TS-66 MAX MOD. 18922, COM MALA_ TIPO RUBI;68;0;1;UN
559;FER;CORTADOR P/ TUBO BICONE DE 4 ROLETOS GAMA PRO;45;0;0;UN
560;DIV;CORTICITE 5MM;13;8;1;UN
561;PINT;CUPRINOL (TRATAMENTO PARA O BICHO DA MADEIRA)_1LTS;50;6;1;UN
562;PICH;CURVA 45º 110 PVC DIN;21;0;1;UN
563;PICH;CURVA 45º 32 PVC DIN;20;0;1;UN
564;PICH;CURVA 45º 40 PVC DIN;20;5;3;UN
565;PICH;CURVA 45º 50 PVC DIN;20;12;3;UN
566;PICH;CURVA 45º 63 PVC DIN;20;0;1;UN
567;PICH;CURVA 45º 75 PVC DIN;20;3;2;UN
568;PICH;CURVA 45º 90 PVC DIN;20;-2;2;UN
569;PICH;CURVA 45º PPR 20;16;6;1;UN
570;PICH;CURVA 45º PPR 25;16;4;1;UN
571;PICH;CURVA 90º 32X40 PVC DIN;23;0;1;UN
572;PICH;CURVA 90º 110 PVC DIN;21;0;1;UN
573;PICH;CURVA 90º 32 PVC DIN;20;0;1;UN
574;PICH;CURVA 90º 40 PVC DIN;20;15;3;UN
575;PICH;CURVA 90º 50 PVC DIN;20;1;2;UN
576;PICH;CURVA 90º 63 PVC DIN;20;14;2;UN
577;PICH;CURVA 90º 63 PVC UNI;20;1;1;UN
578;PICH;CURVA 90º 75 PVC DIN;20;9;2;UN
579;PICH;CURVA 90º 90 PVC DIN;20;16;2;UN
580;ELE;CURVA PLANAS 110X50 EFAPEL;26;16;2;UN
581;ELE;CURVA PLANAS 32X16 EFAPEL;25;-2;3;UN
582;ELE;CURVA VD LIVRES DE HALOGÉNIOS CINZENTAS 16MM;44;10;1;UN
583;ELE;CURVA VD LIVRES DE HALOGÉNIOS CINZENTAS 20MM;44;0;1;UN
584;MAQ;CURVADORA HIDRAÚLICA DE TUBOS VKPSWG2 CAPACIDADE - 16 TON;57;0;0;UN
585;MAQ;DECAPADOR DE AR QUENTE 18V LXTDHG181ZJ, COM REGULAÇÃO E MALA MAKPAC. MAKITA;75;50;1;UN
586;MAQ;DECAPADOR DE AR QUENTE 18V LXTDHG181ZJ, COM REGULAÇÃO, MALA MAKPAC, 2 CARREGADOR 2 BATERIAS 18V-5A MAKITA;105;25;1;UN
587;MAQ;DECAPADOR DE AR QUENTE 2.000W, MOD. HG6531CK, INCLUINDO MALA MAKPAC TIPO2 _TIPO MAKITA;86;0;1;UN
588;DIV;DESPERDIÇIOS DE TECIDO, SACOS DE 1KG;36;11;2;UN
589;DIV;DESPERDIÇIOS EM PANO DE TECIDO, SACOS DE 1KG;44;0;1;UN
590;ELE;DIFERENCIAL 4P 63A;18;0;1;UN
591;PINT;DILUENTE 200_1LTS;17;0;1;UN
592;PINT;DILUENTE ADEQUADO A TINTA DE TRAFEGO (EMBALAGEM MINI BIDÃO 25LTS);65;0;0;UN
593;PINT;DILUENTE CELULOSO_ 5LTS;23;22;3;UN
594;PINT;DILUENTE SINTECTICO_5LTS;24;22;3;UN
595;PINT;DILUENTE TINTA DE PAVIMENTO_5LTS;32;1;1;UN
596;SER;DISCO CORTE SC41/355 C/ 355 X 2,5 X 25,4MM MÁQUINA DE ESQUADRIA FERRO;69;19;2;UN
597;SER;DISCO DE 230 X 6,4 REBARBAR;27;2;1;UN
598;DIV;DISCO DE CORTE 115 X 1MM_ TIPO PECOL PREMIUM COM CERTIFICAÇÃO DA ENTIDADE OSA;77;42;2;UN
599;DIV;DISCO DE CORTE 230X1,9MM_ TIPO PECOL PREMIUM COM CERTIFICAÇÃO DA ENTIDADE OSA;77;101;3;UN
600;DIV;DISCO DE CORTE 230X3,2MM_ TIPO PECOL PREMIUM COM CERTIFICAÇÃO DA ENTIDADE OSA;77;-2;1;UN
601;SER;DISCO DE CORTE ABRASIVO DE 230 X 6MM;36;25;2;UN
602;DIV;DISCO DE LAMELA GRÃO 120;24;69;3;UN
603;DIV;DISCO DE LAMELA GRÃO 60;23;46;3;UN
604;DIV;DISCO DE LAMELA GRÃO 80;23;50;3;UN
605;DIV;DISCO DE REBARBAR 115 X 6MM_ TIPO PECOL PREMIUM COM CERTIFICAÇÃO DA ENTIDADE OSA;80;6;1;UN
606;SER;DISCO DE REBARBAR METAL 125 X 22.23 X 6MM;41;152;3;UN
607;DIV;DISCO DIAMANTADOS 125_ TIPO BOSH X-LOCK UNIVERSAL;49;5;2;UN
608;DIV;DISCO DIAMANTADOS 230_ TIPO BOSH X-LOCK UNIVERSAL;49;4;3;UN
609;ELE;DISJUNTOR 1P 10A_ TIPO HAGGER;29;300;3;UN
610;ELE;DISJUNTOR 1P 16A_ TIPO HAGGER;29;267;3;UN
611;ELE;DISJUNTOR 1P 25A_ TIPO HAGGER;29;100;3;UN
612;ELE;DISJUNTOR 3P 32A;16;10;2;UN
613;ELE;DISJUNTOR 3P 63A;16;14;2;UN
614;ELE;DISJUNTOR 4P 32A;16;10;1;UN
615;ELE;DISJUNTOR 4P 40A_ TIPO HAGER;28;42;2;UN
616;ELE;DISJUNTOR 4P 63A;16;13;2;UN
617;FER;DOBRADIÇA ARTICULADA RETA C/AMORTECEDOR;39;88;3;UN
618;DIV;"DOBRADIÇA DE MOLA VAI-VÉM 3""";28;0;0;UN
619;DIV;DOBRADIÇA DE PIANO INOX 15MM (2MTS - UN);40;0;0;UN
620;DIV;DOBRADIÇA DE PIANO INOX 20MM (2MTS - UN);40;0;0;UN
621;DIV;DOBRADIÇA DE PIANO INOX 25MM (2MTS - UN);40;1;1;UN
622;FER;DOBRADIÇA LEME INOX 30 X 60;27;20;1;UN
623;FER;DOBRADIÇA LEME INOX 40 X 80;27;8;1;UN
624;DIV;"DOBRADIÇA LEME INOX DIREITA 2"" 1/2";34;56;3;UN
625;DIV;"DOBRADIÇA LEME INOX DIREITA 3""";30;56;4;UN
626;DIV;"DOBRADIÇA LEME INOX DIREITA 3"" 1/2";34;49;3;UN
627;DIV;"DOBRADIÇA LEME INOX DIREITA 4""";30;104;4;UN
628;DIV;"DOBRADIÇA LEME INOX ESQUERDA 2"" 1/2";35;54;3;UN
629;DIV;"DOBRADIÇA LEME INOX ESQUERDA 3""";31;34;2;UN
630;DIV;"DOBRADIÇA LEME INOX ESQUERDA 3"" 1/2";35;59;4;UN
631;DIV;"DOBRADIÇA LEME INOX ESQUERDA 4""";31;68;4;UN
632;DIV;DOBRADIÇA ZN  75X75 MM;22;23;1;UN
633;SER;ELETRODO P/ FERRO 2,5X300MM;27;155;1;UN
634;SER;ELETRODO P/ FERRO 2X300MM;25;64;1;UN
635;SER;ELETRODO P/ INOX 2,5X300MM;26;144;1;UN
636;SER;ELETRODO P/ INOX 2X300MM;24;279;1;UN
637;SER;ELETRODO P/ INOX 3,2X350MM;26;0;1;UN
638;PICH;EMBOQUE DE SANITA BRANCA 25 X 70;32;0;0;UN
639;PICH;EMBOQUE DE SANITA ENTRADA 25 SAÍDA 60;37;0;0;UN
640;PICH;EMBOQUE DE SANITA VIRGEM 60 X 40;32;0;0;UN
641;PICH;EMBOQUE DE SANITA VIRGEM 70 X 40;32;0;0;UN
642;PICH;EMBOQUE DE URINOL INTERIOR;26;32;2;UN
643;PICH;EMBOQUE GRANDE EXTERIOR DE SANITA;33;-1;2;UN
644;PICH;EMBOQUE INTERIOR DE SANITA;26;29;1;UN
645;PICH;EMBOQUE PEQUENO EXTERIOR DE SANITA;34;-1;1;UN
646;MFE;"ENCHADA DE 10"" C/ CABO TIPO BELLOTA";35;0;0;UN
647;DIV;"ENGATE RÁPIDO MANGUEIRA 1"" LATÃO";32;3;1;UN
648;DIV;"ENGATE RÁPIDO MANGUEIRA 3/4"" LATÃO";34;14;1;UN
649;FER;ESCADOTE DE TRABALHO DE 3 DEGRAUS MAIS PATAMAR, EM ALUMÍNIO, ROBUSTO_TIPO JORMAX;80;1;1;UN
650;FER;ESCADOTE DE TRABALHO DE 5 DEGRAUS MAIS PATAMAR, EM ALUMÍNIO, ROBUSTO_TIPO JORMAX;80;0;0;UN
651;FER;ESCADOTE DE TRABALHO DE 7 DEGRAUS MAIS PATAMAR, EM ALUMÍNIO, ROBUSTO_TIPO JORMAX;80;0;0;UN
652;FER;ESCADOTE DE TRABALHO DE 9 DEGRAUS MAIS PATAMAR, EM ALUMÍNIO, ROBUSTO_TIPO JORMAX;80;0;0;UN
653;MFE;ESCALA LONGA SEMI-RIGA EM INOX DE UMA FACE TIPO FACOM DELA.1056.1000 OU EXPERT;78;0;0;UN
654;FER;ESCOVA DE AÇO;13;2;1;UN
655;PINT;ESMALTE RAL 1003, AFINADO SOBRE BASE, DE SECAGEM NORMAL_LATA 0,75 OU 1LTS_TIPO CIN;82;2;1;UN
656;PINT;ESMALTE RAL 2008SR, AFINADO SOBRE BASE, DE SECAGEM NORMAL_LATA 0,75 OU 1LTS_TIPO CIN;84;2;1;UN
657;PINT;ESMALTE ANTICORRUSIVO 7042_ 0,75LTS;35;0;0;UN
658;PINT;ESMALTE ANTI-CORROSIVO CINZA 0,75LTS TIPO CINOFER;49;0;1;UN
659;PINT;ESMALTE ANTICORRUSIVO CINZENTO 7035 (FORJA)_4LTS;48;-3;1;UN
660;PINT;ESMALTE ANTICORRUSIVO CINZENTO 7040 (FORJA)_0,75LTS;51;3;1;UN
661;PINT;ESMALTE ANTICORRUSIVO CINZENTO 7043 (FORJA)_4LTS;48;0;0;UN
662;PINT;ESMALTE ANTI-CORROSIVO PRETO (FORJA) 0,75LTS TIPO CINOFER;57;12;1;UN
663;PINT;ESMALTE ANTICORRUSIVO PRETO (FORJA)_4LTS_TIPO BONDEX CORROSTOP;62;0;0;UN
664;PINT;ESMALTE ANTICORRUSIVO RAL 7030 (FORJA)_0,75LTS;46;0;0;UN
665;PINT;ESMALTE ANTICORRUSIVO COR CINZA CLARO 0,75LTS, TIPO CINOFER ;60;6;1;UN
666;PINT;ESMALTE ANTICORRUSIVO COR CINZA ESCURO 0,75LTS, TIPO CINOFER ;61;6;1;UN
667;PINT;ESMALTE AQUOSO RAL9010 AFINADO SOBRE BASE, DE SECAGEM NORMAL_LATA 0,75 OU 1LTS_TIPO CIN;87;9;1;UN
668;PINT;ESMALTE BÊGE RAL 1015, AFINADO SOBRE BASE, DE SECAGEM NORMAL _LATA 0,75 OU 1LTS_TIPO CIN;88;0;1;UN
669;PINT;ESMALTE RAL 8008, AFINADO SOBRE BASE, DE SECAGEM NORMAL _LATA 0,75 OU 1LTS_TIPO CIN;83;1;1;UN
670;PINT;ESMALTE BRANCO_4LTS_TIPO CIN;28;0;0;UN
671;PINT;ESMALTE PRETO RAL 9005, AFINADO SOBRE BASE, DE SECAGEM NORMAL_LATA 0,75 OU 1LTS_TIPO CIN;88;1;3;UN
672;PINT;ESMALTE PRETO RAL 9005SR, AFINADO SOBRE BASE, DE SECAGEM NORMAL_LATA 0,75 OU 1LTS_TIPO CIN;90;15;1;UN
673;PINT;ESMALTE RAL 2009 LARANJA, AFINADO SOBRE BASE, DE SECAGEM NORMAL_LATA 0,75 OU 1LTS_TIPO CIN;90;0;1;UN
674;PINT;ESMALTE RAL 3000 VERMELHO, AFINADO SOBRE BASE, DE SECAGEM NORMAL_LATA 0,75 OU 1LTS_TIPO CIN;91;10;1;UN
675;PINT;ESMALTE RAL 3001 VERMELHO, AFINADO SOBRE BASE, DE SECAGEM NORMAL_4LTS;69;1;1;UN
676;PINT;ESMALTE RAL 3020 VERMELHO VIVO, AFINADO SOBRE BASE, DE SECAGEM NORMAL_LATA 0,75 OU 1LTS_TIPO CIN;96;14;1;UN
677;PINT;ESMALTE RAL 5005 AZUL PORTO, AFINADO SOBRE BASE, DE SECAGEM NORMAL_LATA 0,75 OU 1LTS_TIPO CIN;93;2;1;UN
678;PINT;ESMALTE RAL 5010BR AZUL ESCURO, AFINADO SOBRE BASE, DE SECAGEM NORMAL_LATA 0,75 OU 1LTS_TIPO CIN;96;12;1;UN
679;PINT;ESMALTE RAL 6005 VERDE GARRAFA, AFINADO SOBRE BASE, DE SECAGEM NORMAL_LATA 0,75 OU 1LTS_TIPO CIN;96;0;1;UN
680;PINT;ESMALTE RAL 7047 AZUL, AFINADO SOBRE BASE, DE SECAGEM NORMAL_LATA 4LTS_TIPO CIN;79;23;1;UN
681;PINT;ESMALTE RAL 8011SR CASTANHO, AFINADO SOBRE BASE, _LATA 0,75 OU 1LTS_TIPO CIN;76;0;1;UN
682;PINT;ESMALTE RAL 8017 CASTANHO, AFINADO SOBRE BASE, DE SECAGEM NORMAL_LATA 0,75 OU 1LTS_TIPO CIN;91;2;1;UN
683;PINT;ESMALTE SINTECTICO BRANCO 0,75LTS, AFINADO SOBRE BASE, DE SECAGEM NORMAL_LATA 0,75 OU 1LTS_TIPO CIN;99;27;4;UN
684;PINT;ESMALTE SINTECTICO RAL1013SR 0,75LTS, TIPO SINTECIN;51;0;1;UN
685;PINT;ESMALTE SINTECTICO RAL1015SR 0,75LTS, TIPO SINTECIN;51;1;1;UN
686;PINT;ESMALTE SINTECTICO RAL1018 AFINADO SOBRE BASE, DE SECAGEM NORMAL_LATA 0,75 OU 1LTS_TIPO CIN;91;1;1;UN
687;PINT;ESMALTE SINTECTICO RAL2009SR 0,75LTS, TIPO SINTECIN;51;1;1;UN
688;PINT;ESMALTE SINTECTICO RAL3000SR 0,75LTS, TIPO SINTECIN;51;1;1;UN
689;PINT;ESMALTE SINTECTICO RAL3020SR 0,75LTS, TIPO SINTECIN;51;1;1;UN
690;PINT;ESMALTE SINTECTICO RAL6018 AFINADO SOBRE BASE, DE SECAGEM NORMAL_LATA 0,75 OU 1LTS_TIPO CIN;91;0;1;UN
691;PINT;ESMALTE SINTECTICO RAL7035 AFINADO SOBRE BASE, DE SECAGEM NORMAL_LATA 0,75 OU 1LTS_TIPO CIN;91;5;1;UN
692;PINT;ESMALTE SINTECTICO RAL7040 AFINADO SOBRE BASE, DE SECAGEM NORMAL_LATA 0,75 OU 1LTS_TIPO CIN;91;5;1;UN
693;PINT;ESMALTE SINTECTICO RAL8001 AFINADO SOBRE BASE, DE SECAGEM NORMAL_LATA 0,75 OU 1LTS_TIPO CIN;91;1;1;UN
694;PINT;ESMALTE SINTECTICO RAL9010 AFINADO SOBRE BASE, DE SECAGEM NORMAL_LATA 0,75 OU 1LTS_TIPO CIN;91;4;1;UN
695;FER;ESPATULA DE EMASSAR 280X130 MM;30;2;1;UN
696;FER;ESPATULA INOX 100MM;19;0;1;UN
697;FER;ESPATULA INOX 125MM;19;4;1;UN
698;FER;ESPATULA INOX 40MM;18;2;1;UN
699;FER;ESPATULA INOX 50MM;18;4;1;UN
700;FER;ESPATULA INOX 60MM;18;2;1;UN
701;FER;ESPATULA INOX 80MM;18;0;1;UN
702;SER;ESPELHO DA MASCARA DE SOLDAR;28;73;1;UN
703;PICH;ESPELHO DE TORNEIRA INOX 6CM DIÂMETRO;37;2;1;UN
704;ELE;ESPELHO RJ45 BRANCA_TIPO EFAPEL SERIE 7000;42;5;1;UN
705;ELE;ESPELHO SIMPLES BRANCA_TIPO EFAPEL SERIE 7000;45;732;3;UN
706;ELE;ESPELHO SIMPLES BRANCA_TIPO EFAPEL SERIE 9000;45;37;3;UN
707;DIV;ESPONJA DE LIMPEZA;18;57;1;UN
708;DIV;ESPUMA DE POLIURETANO;21;7;4;UN
709;DIV;ESPUMA DE POLIURETANO PISTOLÁVEL;32;0;0;UN
710;MFE;ESQUADRO DIREITO EDE ESQUADRIA 300MM TIPO FACOM DELA.1051.300 OU EXPERT;71;0;0;UN
711;FER;ESTICADOR GALVANIZADOS/ZINCADOS M10;35;118;2;UN
712;FER;ESTICADOR GALVANIZADOS/ZINCADOS M12;35;1;1;UN
713;FER;ESTICADOR GALVANIZADOS/ZINCADOS M14;35;5;1;UN
714;FER;ESTICADOR GALVANIZADOS/ZINCADOS M6;34;101;2;UN
715;FER;ESTICADOR GALVANIZADOS/ZINCADOS M8;34;5;1;UN
716;PICH;EXCÊNTRICO DE SANITA 3CM;24;-5;1;UN
717;MFE;EXTENSÃO DE 4 TOMADAS (2P+T) COM 25M;36;5;1;UN
718;ELE;EXTENSÃO TRIPLA COM INTERRUPTOR 3M;34;0;0;UN
719;ELE;EXTENSÃO TRIPLA COM INTERRUPTOR 5M;34;0;0;UN
720;FAR;FATO IMPERMEÁVEL TAM - L;24;0;0;UN
721;FAR;FATO IMPERMEÁVEL TAM - XL;25;0;0;UN
722;FER;FECHADURA 720 TIPO YALE 100MM DE CAIXA DIREITA;46;0;1;UN
723;FER;FECHADURA 720 TIPO YALE 100MM DE CAIXA ESQUERDA;47;0;1;UN
724;FER;FECHADURA 720 TIPO YALE 120MM DE CAIXA DIREITA;46;0;0;UN
725;FER;FECHADURA 720 TIPO YALE 120MM DE CAIXA ESQUERDA;47;0;1;UN
726;FER;FECHADURA 725 INOX 50MM DE ENTRADA C/ CANHÃO;44;25;3;UN
727;FER;FECHADURA 725 INOX 55MM DE ENTRADA C/ CANHÃO;44;16;3;UN
728;FER;FECHADURA 725 INOX 60MM DE ENTRADA C/ CANHÃO;44;21;4;UN
729;FER;FECHADURA ANDORINHA 713 DIREITA 10D;35;0;1;UN
730;FER;FECHADURA ANDORINHA 713 DIREITA 9D;34;4;1;UN
731;FER;FECHADURA ANDORINHA 713 ESQUERDA 10E;36;8;1;UN
732;FER;FECHADURA ANDORINHA 713 ESQUERDA 9E;35;4;1;UN
733;FER;FECHADURA CAIXA DE CORREIO;26;10;1;UN
734;FER;"FECHADURA DE ARMARIO REGULAVEL REF.1904_ TIPO TECOCIL  (ANEXO ""ARTIGO 2.18_LOTE2"")";82;42;1;UN
735;FER;FECHADURA DE CAIXA DE CORREIO;29;120;2;UN
736;FER;FECHADURA DE EMBUTIR INOX 50MM ENTRADA CHAVE NORMAL;51;37;3;UN
737;FER;FECHADURA DE EMBUTIR INOX 55MM ENTRADA CHAVE NORMAL;51;10;3;UN
738;FER;FECHADURA DE EMBUTIR INOX 60MM ENTRADA CHAVE NORMAL;51;12;3;UN
739;FER;FECHADURA ELÉTRICA DE BOTÃO _ TIPO DORCAS;41;0;1;UN
740;FER;FECHADURA TUBULAR;17;0;2;UN
741;FER;FECHADURA/CANHÃO P/ARMÁRIOS METÁLICOS 15MM REFª ÁGUIA;53;13;2;UN
742;FER;FECHADURA/CANHÃO P/ARMÁRIOS METÁLICOS 20MM REFª ÁGUIA;53;14;2;UN
743;FER;FECHADURA/CANHÃO P/ARMÁRIOS METÁLICOS 25MM REFª ÁGUIA;53;16;2;UN
744;FER;FECHADURA/CANHÃO P/ARMÁRIOS METÁLICOS 30MM REFª ÁGUIA;53;15;2;UN
745;FER;FECHO 70X20;11;0;0;UN
746;FER;FECHO DE COLATRA;16;7;1;UN
747;FER;FECHO LIVRE/OCUPADO INOX C/ BATENTE;35;0;1;UN
748;SER;FERRO H 100 X 100 X 6 X 10MM;28;72;1;UN
749;SER;FERRO QUADRADDO DE 10MM;23;42;1;UN
750;SER;FERROLHO 100MM SERRALHEIRO;26;13;1;UN
751;ELE;FICHA FEMEA DE BORRACHA 16A;27;33;2;UN
752;ELE;FICHA INDUSTRIAL TIPO CEE FÊMEA 3P+T+N 125A;43;5;2;UN
753;ELE;FICHA INDUSTRIAL TIPO CEE FÊMEA 3P+T+N 32A;42;0;2;UN
754;ELE;FICHA INDUSTRIAL TIPO CEE FÊMEA 3P+T+N 63A;42;26;2;UN
755;ELE;FICHA INDUSTRIAL TIPO CEE MACHO 3P+T+N 125A;43;3;2;UN
756;ELE;FICHA INDUSTRIAL TIPO CEE MACHO 3P+T+N 32A;42;4;2;UN
757;ELE;FICHA INDUSTRIAL TIPO CEE MACHO 3P+T+N 63A;42;30;2;UN
758;ELE;FICHA MACHO BRANCA C/TERRA;26;0;1;UN
759;ELE;FICHA MACHO DE BORRACHA 16A;27;6;2;UN
760;ELE;FICHA RJ45 PARA CABO CAT6;25;234;2;UN
761;PICH;FIO DE ROSCA 160M_TIPO TANGIT;29;22;3;UN
762;ELE;FIO FV VERDE/AMARELO 25MM2;26;70;1;M
763;ELE;FIO V 1,5MM PRETO;17;1200;2;M
764;ELE;FIO V 1,5MM2 AZUL;17;1200;2;M
765;ELE;FIO V 1,5MM2 BRANCA;19;100;1;M
766;ELE;FIO V 1,5MM2 CASTANHO;21;1200;2;M
767;ELE;FIO V 1,5MM2 CINZENTO;21;1200;3;M
768;ELE;FIO V 1,5MM2 VERDE/AMARELO;26;1300;3;M
769;ELE;FIO V 16MM2 VERDE/AMARELO;25;50;1;M
770;ELE;FIO V 2,5MM2 AZUL;17;1199;2;M
771;ELE;FIO V 2,5MM2 CASTANHO;21;1480;3;M
772;ELE;FIO V 2,5MM2 CINZENTO;21;1400;3;M
773;ELE;FIO V 2,5MM2 PRETO;18;1199;3;M
774;ELE;FIO V 2,5MM2 VERDE/AMARELO;26;1200;3;M
775;ELE;FIO V 6MM2 AZUL;15;50;1;M
776;ELE;FIO V 6MM2 CASTANHO;19;50;1;M
777;ELE;FIO V 6MM2 CINZENTO;19;50;1;M
778;ELE;FIO V 6MM2 PRETO;16;50;1;M
779;ELE;FIO V 6MM2 VERDE/AMARELO;24;20;1;M
780;ELE;FITA DE PAPEL 30MM;18;94;3;UN
781;ELE;FITA DE PAPEL 50MM;18;127;3;UN
782;ELE;FITA ESPIRAL PRETA;18;0;0;UN
783;ELE;FITA ESPIRAL TRANSPARENTE;25;98;1;UN
784;FER;FITA INOX BANDIT;16;1;1;UN
785;ELE;FITA ISOLADORA AZUL;19;135;2;UN
786;ELE;FITA ISOLADORA BRANCA;21;89;1;UN
787;ELE;FITA ISOLADORA CASTANHA;23;89;2;UN
788;ELE;FITA ISOLADORA CINZENTA;23;85;2;UN
789;ELE;FITA ISOLADORA DE BORRACHA 19MM X 20M;37;22;1;UN
790;ELE;FITA ISOLADORA PRETA;20;46;2;UN
791;ELE;FITA ISOLADORA VERDE/AMARELA;28;143;2;UN
792;ELE;FITA ISOLADORA VERMELHA;23;95;1;UN
793;DIV;FITA METRICA 3M;15;4;1;UN
794;DIV;FITA METRICA 5M;15;8;1;UN
795;DIV;FITA METRICA 8M;15;3;1;UN
796;MFE;FITA MÉTRICA CAIXA GRIP 3MTTIPO FACOM 897A.319 OU EXPERT;56;0;0;UN
797;MFE;FITA MÉTRICA CAIXA GRIP 5MT TIPO FACOM 897A.528 OU EXPERT;57;0;0;UN
798;MFE;FITA METRICA DE 3 METROS STANLEY;32;0;0;UN
799;MFE;FITA METRICA DE 5 METROS STANLEY;32;0;0;UN
800;MFE;FITA METRICA DE 8 METROS STANLEY;32;0;0;UN
801;DIV;FITA PRETA DE 48MM POR 50M DE COMPRIMENTO _AMERICANA;52;2;1;UN
802;DIV;FITA PRETA DE 48MM POR 50M DE COMPRIMENTO _GAFER;48;15;2;UN
803;DIV;FITA SINALIZADORA VERMELHA/BRANCA, C/250MTS, 8CM LARGURA, ESP ACIMA DOS 100MICROS;81;6;2;UN
804;FER;FITA WIKUS M42 3100X27 5/82 REF:528 VARIO M42;45;10;3;UN
805;ARR;FIXAÇÃO DE GRELHAS ABS;22;188;1;UN
806;PICH;FLUXOMETRO DE URINOL 1/2 X 1/2;30;12;2;UN
807;PICH;FLUXOMETRO TEMPORIZADO DE CHUVEIRO ENTRADA / SAÍDA EXTERIOR 1/2;63;0;2;UN
808;DIV;FOLHA DE LIXA DE ÁGUA C/ GRÃO Nº 150;36;23;1;UN
809;DIV;FOLHA DE LIXA DE ÁGUA C/ GRÃO Nº 180;36;46;1;UN
810;DIV;FOLHA DE LIXA DE ÁGUA C/ GRÃO Nº 220;36;40;1;UN
811;DIV;FOLHA DE LIXA P/ MADEIRA 100;28;204;3;UN
812;DIV;FOLHA DE LIXA P/ MADEIRA 120;28;164;3;UN
813;DIV;FOLHA DE LIXA P/ MADEIRA 150;28;171;3;UN
814;DIV;FOLHA DE LIXA P/ MADEIRA 180;28;229;3;UN
815;DIV;FOLHA DE LIXA P/ MADEIRA 220;28;195;2;UN
816;DIV;FOLHA DE LIXA P/ MADEIRA 60;27;107;3;UN
817;DIV;FOLHA DE LIXA P/ MADEIRA 80;27;136;3;UN
818;SER;FOLHA DE SERRA PARA CORTAR FERRO (RECARGAS)_TIPO BAHCO;54;218;3;UN
819;PICH;FORQUILHA 32 PVC DIN;20;13;1;UN
820;PICH;FORQUILHA 40 PVC DIN;20;21;1;UN
821;PICH;FORQUILHA 50 PVC DIN;20;13;1;UN
822;PICH;FORQUILHA 75 PVC DIN;20;19;1;UN
823;PICH;FORQUILHA 90 PVC DIN;20;2;1;UN
824;MFE;"FORQUILHA DE FERRO COM CABO DE MADEIRA TIPO BELLOTA _ ANEXO ""LOTE2_1.106_FORQUILHA""";83;5;1;UN
825;ELE;FUSIVEL 1,6A 5 X 20MM;21;600;2;UN
826;ELE;FUSIVEL DE FACA NH1 125A;24;68;2;UN
827;ELE;FUSIVEL DE FACA NH1 80A;23;5;1;UN
828;ELE;FUSIVEL G10A 10X38;18;400;1;UN
829;ELE;FUSIVEL G16A 10X38;18;0;1;UN
830;ELE;FUSIVEL G32A 14X51;18;40;2;UN
831;ELE;FUSIVEL G32A 22X58;18;0;1;UN
832;ELE;FUSIVEL G50A 14X51;18;46;1;UN
833;ELE;FUSIVEL G50A 22X58;18;160;1;UN
834;ELE;FUSIVEL G6A 10X38;17;296;1;UN
835;ELE;FUSIVEL G80A 14X51;18;10;1;UN
836;ELE;FUSIVEL G80A 22X58;18;343;2;UN
837;MFE;GARAMPO 100;11;0;0;UN
838;MFE;GARAMPO 150;11;0;0;UN
839;MFE;GARAMPO 80;10;0;0;UN
840;MFE;GARAMPO APERTO RÁPIDO;21;0;0;UN
841;PICH;GIRÂNDULA 125 INOX;18;2;1;UN
842;ARR;GRELHA ABS PRETA 125X1000MM;27;0;0;UN
843;ELE;ID 2X25A 30MA;13;18;3;UN
844;ELE;ID 2X40A 30MA;13;25;3;UN
845;ELE;ID 2X63A 30MA;13;21;1;UN
846;ELE;ID 4X25A 30MA;13;0;1;UN
847;ELE;ID 4X32A 30MA;13;3;1;UN
848;ELE;ID 4X40A 30MA;13;0;2;UN
849;ELE;ID 4X63A 30MA;13;21;1;UN
850;ELE;IGNITOR 1000W;13;3;1;UN
851;ELE;IGNITOR 2000W;13;0;1;UN
852;ELE;IGNITOR 70/400W;15;378;2;UN
853;ELE;INTERRUPTOR EXTERIOR IP65;25;8;3;UN
854;ELE;INTERRUPTOR INTERIOR _ TIPO EFAPEL;34;32;3;UN
855;ELE;INVERSOR INTERIOR_ TIPO EFAPEL;30;6;2;UN
856;EPI'S;JOELHEIRA GEL_PAR;17;0;0;UN
857;PICH;JOELHO 15 BICONE;16;29;2;UN
858;PICH;JOELHO 15 X 1/2 BICONE MACHO;28;46;2;UN
859;PICH;JOELHO 15X1/2 BICONE FEMEA;26;4;1;UN
860;PICH;JOELHO 15X1/2 C/PATÊ BICONE;27;0;1;UN
861;PICH;JOELHO 15X3/4 BICONE FEMEA;26;11;1;UN
862;PICH;JOELHO 15X3/4 BICONE MACHO;26;24;1;UN
863;PICH;JOELHO 22 BICONE;16;864;1;UN
864;PICH;JOELHO 22X1/2 BICONE FEMEA;26;10;1;UN
865;PICH;JOELHO 22X15 BICONE;19;20;1;UN
866;PICH;JOELHO 22X3/4 BICONE FEMEA;26;21;1;UN
867;PICH;JOELHO 22X3/4 BICONE MACHO;26;4;1;UN
868;PICH;JOELHO BICONE 15X22;19;4;1;UN
869;PICH;JOELHO DE APERTO RÁPIDO 32X1/2 C/PATER FEMEA;44;0;1;UN
870;PICH;"JOELHO DE APERTO RÁPIDO C/ PATER 32X1""_PLÁSTICO FEMEA";53;2;1;UN
871;PICH;JOELHO DE APERTO RÁPIDO DE 32_PLÁSTICO;38;16;2;UN
872;PICH;"JOELHO LATÃO 1""";15;35;2;UN
873;PICH;JOELHO LATÃO 1/2 X 3/4;22;8;1;UN
874;PICH;"JOELHO LATÃO 1/2""";17;9;2;UN
875;PICH;"JOELHO LATÃO 3/4""";17;23;2;UN
876;PICH;"JOELHO LATÃO M/F 1/2""";21;19;2;UN
877;PICH;"JOELHO LATÃO M/F 3/4""";21;9;2;UN
878;PICH;"JOELHO LATÃO MACHO 32 X 1"" APERTO RÁPIDO";40;20;1;UN
879;PICH;JOELHO LATÃO SIMPLES 32 APERTO RÁPIDO;37;9;1;UN
880;PICH;"JOELHO MACHO 32 X 1"" APERTO RÁPIDO";34;0;1;UN
881;PICH;JOELHO PPR 20;13;24;1;UN
882;PICH;JOELHO PPR 20X1/2 FEMEA;23;0;1;UN
883;PICH;JOELHO PPR 25;13;61;3;UN
884;PICH;JOELHO PPR 25 X 1/2 FEMEA;25;49;3;UN
885;PICH;JOELHO PPR 32X3/4 FEMEA;23;1;1;UN
886;MFE;JOGO DE 10 CHAVES MISTAS DE BOCAS COM ROQUETE SISTEMA MÉTRICO TIPO FACOM 467R.JP10 OU EXPERT;92;0;0;UN
887;PICH;JOGO DE 2 PARAFUSOS P/LAVATÓRIO M8 INOX;39;7;1;UN
888;PICH;JOGO DE 4 PARAFUSOS INOX P/SANITA;33;-3;1;UN
889;MFE;JOGO DE 5 MINI-FRESAS DE 18MM DE COMPRIMENTO TIPO DORMER OU EXPERT;66;0;0;UN
890;MFE;JOGO DE 5 MINI-FRESAS DE 25MM DE COMPRIMENTO TIPO DORMER OU EXPERT;66;0;0;UN
891;MFE;"JOGO DE BOQUILHAS DE IMPACTO 1/2"" DE 8 A 24MM DO TIPO EXPERT";60;0;0;UN
892;MFE;JOGO DE CHAVES DE CAIXA M-BOX 1/4 MÉTRICAS TIPO FACOM RL.161SP12 OU EXPERT;74;0;0;UN
893;MFE;JOGO DE CHAVES MACHO INOX SEXTAVADAS TIPO FACOM 83SH.JP9A100Y OU EXPERT;71;0;0;UN
894;MFE;JOGO DE CHAVES TUBULARES COM CABO T DUPLAS FORGODAS MÉTRICAS TIPO FACOM 97.JE6 OU EXPERT;88;0;0;UN
895;MFE;JOGO DE CINZEIS 12 UNIDADES, TIPO STANLEY;41;0;0;UN
896;DIV;JOGO DE LAMINAS P/ PLAINA 82MM_ MAKITA KP0800 320730G;53;0;1;UN
897;MFE;JOGO MISTO DE FRESAS 30 PCS 6MM BOSCH 2607017474;48;0;0;UN
898;PICH;"JUNÇÃO CÓNICA LATÃO 1""";22;6;1;UN
899;PICH;JUNÇÃO CÓNICA LATÃO 1/2;23;43;2;UN
900;PICH;JUNÇÃO CÓNICA LATÃO 3/4;23;44;2;UN
901;ELE;KIT DE EMERGÊNCIA DEFICIENTES;29;1;1;UN
902;ELE;KIT DE MANGA TERMO RETRÁTIL COM UNIÕES 100MM X 1M;49;1;1;UN
903;ELE;KIT DE MANGA TERMO RETRÁTIL COM UNIÕES 5X 2,5MM;47;10;1;UN
904;MFE;KIT DE TRAÇADOR DE LINHAS COMPOSTO POR SUPORTE DE FIO BLUE + RECARGA DE PÓ, TIPO STANLEY FATMAX REFª 0-47-681;109;0;0;UN
905;MAQ;"KIT MÁQUINAS BATERIAS DE 18 V TIPO MAKITA , COMPOSTO POR:
 - REBARBADORA MOD. DGA504Z 5AH MAKP
 - APARAF. DHP481Z 5AH MAKP
 - MARTELO 18V LITIO DHR242Z
 - 3 BAT. 18V 5.0 AH + CARREGADOR + 2 MALAS";195;0;0;UN
906;MAQ;"KIT MÁQUINAS BATERIAS DE 18 V TIPO MAKITA:
 - REBARBADORA MOD. DGA504Z 5AH MAKP
 - APARAFUSADORA DDF485 RTJ 5AH MAKP
 - MARTELO 18V LITIO DHR242Z
 - 3 BATERIAS BL1850B 18V (BULK) DE 5.0 AH + CARREGADOR + 2 MALAS DE TRANSPORTE ENCASTRÁVEIS";238;0;1;UN
907;ELE;LAMPADA 18W/4000K 2G11 1200LM;29;62;2;UN
908;ELE;LAMPADA 26W/4000K G24 D-3;25;2;1;UN
909;ELE;LAMPADA CASQ. E27 LED 10W 4000K;31;311;3;UN
910;ELE;LAMPADA CASQ. E27 LED 12/13W 4000K;34;0;1;UN
911;ELE;LAMPADA CASQ. E27 LED 8W 4000K;30;3;1;UN
912;ELE;LAMPADA CDM-T 150W/930 G12 1CT TIPO PHILIPHS;44;4;1;UN
913;ELE;LAMPADA CDM-T 150W/942 G12 1CT TIPO PHILIPHS;44;74;2;UN
914;ELE;LAMPADA CDM-T 70W/930 G12 1CT TIPO PHILIPHS;43;42;1;UN
915;ELE;LAMPADA CDM-T 70W/942 G12 1CT TIPO PHILIPHS;43;46;2;UN
916;ELE;LAMPADA DIMAVEL 15W/2700K AR11;30;5;1;UN
917;ELE;LAMPADA GU10 3,9W/2700K DIMAVEL;31;0;1;UN
918;ELE;LAMPADA HPI-T 1000W/643 E40;27;1;1;UN
919;ELE;LAMPADA HPI-T 2000W/646 (4600K) E40 220V;40;1;1;UN
920;ELE;LAMPADA HPI-T PLUS 250W /942 E40 TIPO PHILIPHS;46;0;0;UN
921;ELE;LAMPADA HPI-T PLUS 400W/645 E40 TIPO PHILIPHS;45;13;2;UN
922;ELE;LAMPADA LED 10W/4200K RX7S (118MM) TIPO PHILIPHS;48;178;1;UN
923;ELE;LAMPADA LED 6W GU10 4000K;25;44;3;UN
924;ELE;LAMPADA LED 6W/640;18;0;1;UN
925;ELE;LAMPADA LED 7,5W-60W R7S 78MM/840;33;-2;1;UN
926;ELE;LAMPADA LED 90W-70W R7S 3000K;29;0;0;UN
927;ELE;LAMPADA LED 9W/4500K R7S;24;0;1;UN
928;ELE;LAMPADA LED E14 6W/4000K CHAMA;30;35;2;UN
929;ELE;LAMPADA LED E14 6W/4000K ESFÉRICA;33;23;2;UN
930;ELE;LAMPADA LED E27 5W/4000K;24;118;2;UN
931;ELE;LAMPADA LED E27 G45 5W/4000K;28;0;1;UN
932;ELE;LAMPADA LED RX7S 16W/2700K_TIPO PHILIPS;39;8;1;UN
933;ELE;LAMPADA LED RX7S 16W/4000K_TIPO PHILIPS;39;0;1;UN
934;ELE;LAMPADA LED T5 8W/4000K_TIPO PHILIPS;36;268;1;UN
935;ELE;LAMPADA LED T5 HE 21W/840 C/120CM;33;49;2;UN
936;ELE;LAMPADA LED T8 120CM 14W/4000K;30;-8;1;UN
937;ELE;LAMPADA LED T8 150CM 22W/4000K;30;19;2;UN
938;ELE;LAMPADA MASTER MHN-SB 2000W/956 400V;36;5;1;UN
939;ELE;LAMPADA MASTER TL 5 14W/4000K_TIPO PHILIPS;42;4;1;UN
940;ELE;LAMPADA MASTER TL5 HO 54W/840_TIPO PHILIPS;42;13;1;UN
941;ELE;LAMPADA MHN-TD 150W CASQ. RX7S 3000K TIPO PHILIPHS;50;0;1;UN
942;ELE;LAMPADA MHN-TD 150W/942 CASQ. RX7S TIPO PHILIPS;47;545;2;UN
943;ELE;LAMPADA MHW-TD 70W/942 CASQ. RX7S TIPO PHILIPS;46;79;2;UN
944;ELE;LAMPADA PL-C 4P 13W/840 TIPO PHILIPS;36;30;1;UN
945;ELE;LAMPADA PL-S 11W/4000K _TIPO PHILIPS;36;0;1;UN
946;ELE;LAMPADA QR 111 13W/K GU10 BRANCO CÁLIO;38;5;1;UN
947;ELE;LAMPADA RL - S 2 PERNOS 7W/840;30;90;2;UN
948;ELE;LAMPADA T5 35W 4000K TIPO PHILIPHS;34;48;1;UN
949;ELE;LAMPADA T5 49W 4000K TIPO PHILIPHS;34;93;2;UN
950;ELE;LAMPADA T5 LED 6000K 120CM;26;32;1;UN
951;ELE;LAMPADA T8 LED 4000K 120CM TIPO PHILIPHS;40;38;1;UN
952;ELE;LAMPADA T8 LED 4000K 60CM;25;0;1;UN
953;ELE;LAMPADA T8 LED 6000K 120CM;26;134;3;UN
954;ELE;LAMPADA T8 LED 6000K 60CM 10W;29;157;3;UN
955;ELE;LAMPADA T8 LED 6000K/6500K 150CM;32;80;4;UN
956;ELE;LAMPADA ULTRAVIOLETA;20;0;0;UN
957;ELE;LAMPADA VAPOR DE SÓDIO E27 SON-T 70W_TIPO PHILIPS;49;159;2;UN
958;ELE;LAMPADA VAPOR DE SÓDIO E40 SON-T 150W_TIPO PHILIPS;50;58;2;UN
959;ELE;LAMPADA VAPOR DE SÓDIO E40 SON-T 400W_TIPO PHILIPS;50;0;1;UN
960;ELE;LAMPADA VAPOR SÓDIO E27 SON-T 150W / 2000K_TIPO PHILIPS;55;41;1;UN
961;MFE;LANÇA P/ MAÇARICO DE SOLDAR CALEIROS A ESTANHO COM MANGUEIRA DE 5MTS, ABRAÇDEIRAS E ENCAIXES;92;0;0;UN
962;MAQ;LANTERNAS RECARREGAVEIS POR USB REF.BLTS10_ TIPO BAHCO;54;0;0;UN
963;CAR;LAPIS GROSSO DE CARPINTEIRO;27;0;1;UN
964;DIV;LAPIS Nº 2 CABEÇA VERMELHA;26;5;1;UN
965;MAQ;LAVADORA ALTA PRESSÃO 110BAR 1.7KW HW 111 MAKITA;48;0;0;UN
966;MAQ;LAVADORA ALTA PRESSÃO KRANZLE K 2160 TST;40;0;0;UN
967;PICH;LAVATORIO BRANCO 44 X 36CM;26;11;3;UN
968;PICH;LIGAÇÃO DE CHUVEIRO_1,75MTS;27;0;1;UN
969;PICH;LIGAÇÃO FLEXÍVEL MALHA DE AÇO INOX 1/2X1/2 F/F_1MTS;51;28;2;UN
970;PICH;LIGAÇÃO FLEXÍVEL MALHA DE AÇO INOX 1/2X1/2 F/F_2MTS;51;6;1;UN
971;PICH;LIGAÇÃO FLEXÍVEL MALHA DE AÇO INOX 1/2X1/2 F/F_30CM;51;79;2;UN
972;PICH;LIGAÇÃO FLEXÍVEL MALHA DE AÇO INOX 1/2X1/2 F/F_35CM;51;81;2;UN
973;PICH;LIGAÇÃO FLEXÍVEL MALHA DE AÇO INOX 1/2X1/2 F/F_50CM;51;101;3;UN
974;PICH;LIGAÇÃO FLEXÍVEL MALHA DE AÇO INOX 1/2X3/8 F/F_20CM;51;20;1;UN
975;PICH;LIGAÇÃO FLEXÍVEL MALHA DE AÇO INOX 1/2X3/8 F/F_25CM;51;30;2;UN
976;PICH;LIGAÇÃO FLEXÍVEL MALHA DE AÇO INOX 1/2X3/8 F/F_30CM;51;70;2;UN
977;PICH;LIGAÇÃO FLEXÍVEL MALHA DE AÇO INOX 1/2X3/8 F/F_35CM;51;56;2;UN
978;PICH;LIGAÇÃO FLEXÍVEL MALHA DE AÇO INOX 1/2X3/8 F/F_40CM;51;9;1;UN
979;PICH;LIGAÇÃO FLEXÍVEL MALHA DE AÇO INOX 1/2X3/8 F/F_50CM;51;73;2;UN
980;PICH;LIGAÇÃO FLEXÍVEL MALHA DE AÇO INOX 3/8X3/8 F/F_60CM;51;0;1;UN
981;PICH;LIGAÇÃO FLEXÍVEL MALHA DE AÇO INOX 3/8X3/8 F/M_50CM;51;7;1;UN
982;PICH;LIGAÇÃO FLEXÍVEL MALHA DE AÇO P/MISTURADORA INOX 3/8 X 1/4_50CM;63;38;3;UN
983;PICH;LIGAÇÃO MALHA AÇO F/F 1/2 X 1/2 DE 100CM REFORÇADA P/BANCAS DE COZINHA INDUSTRIAIS C/ TORNEIRA ARTICULADA;105;6;1;UN
984;PICH;LIGAÇÃO MALHA AÇO P/MISTURADORA 3/8 X 1/4 50CM;46;34;1;UN
985;ELE;LIGADOR DE BAGO FIO F 2X4MM;27;500;1;UN
986;ELE;LIGADOR DE BAGO FIO F 3X4MM;27;1054;5;UN
987;ELE;LIGADOR DE BAGO FIO F 5X4MM;27;1149;4;UN
988;ELE;LIGADOR DE BAGO FIO V 3X4MM;27;4;1;UN
989;ELE;LIGADOR DE BAGO FIO V 5X4MM;27;108;2;UN
990;ELE;LIGADOR DOMINÓ 10MM2;20;92;1;UN
991;ELE;LIGADOR DOMINÓ 16MM2;20;281;1;UN
992;ELE;LIGADOR DOMINÓ 2,5MM2;21;0;1;UN
993;MFE;"LIMATÃO OVAL 12"" DE 300MM";25;14;1;UN
994;MFE;"LIMATÃO QUADRADO 12"" DE 300MM";29;8;1;UN
995;MFE;"LIMATÃO RECTANGULAR 12"" DE 300MM C/ CABO";40;8;1;UN
996;MFE;"LIMATÃO REDONDO 12"" DE 300MM S/ CABO";36;8;1;UN
997;SER;LIQUIDO DE LIMPEZA DE INOX_2KG;30;2;1;UN
998;DIV;LIXA P600 PRETA;15;11;1;UN
999;MAQ;LIXADORA DE ROLOS 1.200W 690 X 100MM LB31_ TIPO VIRUTEX;55;0;1;UN
1000;MAQ;LIXADORA ORBITAL 112 X 102MM _  BO4556K MAKITA;46;0;0;UN
1001;MAQ;LIXADORA ORBITAL 93 X 185 MM_ TIPO MAKITA BO3711;48;0;0;UN
1002;MAQ;LIXADORA ROTORBITAL 125MM 18V LÍTIO-ION _ TIPO MAKITA DBO180Z, INCUINDO MALA MAKPAC TIPO 2, CARREGADOR E 2 BATERIAS 18V-5A;122;0;1;UN
1003;DIV;LUBRIFICANTE ANTI FERRUGEM 750ML COM BURRIFADOR_ WD40;53;3;1;UN
1004;ELE;"LUMINÁRIA 4W/4000K LED IP65 IK07 ARON JADE IP25 27 X 230 X 80MM CINZENTO (ANEXO ""ARTIGO 1.55"")";94;60;1;UN
1005;EPI'S;"LUVA 380 NITRILE FOAM GRIP TAMANHO L; MALHA DE NYLON ANTIDERRANPANTE REVESTIMENTO EM NITRILO MICRO-POROSO_ TIPO SHOWA";117;234;2;UN
1006;EPI'S;LUVA BORRACHA_ESPONJA_PANO_PAR (EVENTOS);40;19;1;UN
1007;EPI'S;LUVA DIAELTRICAS CLASSE O;25;0;0;UN
1008;EPI'S;LUVA MECÂNICA NITRAS FLEXIBLE FIT MALHA POLIAMIDA SEM COSTURA DE QUALIDADE SUPERIOR_ Nº 09;90;-17;1;UN
1009;EPI'S;LUVA MECÂNICA NITRAS FLEXIBLE FIT MALHA POLIAMIDA SEM COSTURA DE QUALIDADE SUPERIOR_ Nº 10;90;10;1;UN
1010;EPI'S;LUVA NITRAS TIPO CHEFE, EM PELE FLOR DE BOVINO DE 1ª QUALIDADE, ELÁSTICA_ Nº 09;79;112;2;UN
1011;EPI'S;LUVA NITRAS TIPO CHEFE, EM PELE FLOR DE BOVINO DE 1ª QUALIDADE, ELÁSTICA_ Nº 10;79;85;2;UN
1012;EPI'S;LUVA VINIL / PANO TAM - 10 PAR;30;-1;1;UN
1013;EPI'S;LUVA VINIL / PANO TAM - 9 PAR;29;0;1;UN
1014;MFE;"MAÇARICO DE PICHELEIRO C/ ISQUEIRO TIPO DEXTER KE 2019DX_ ANEXO ""LOTE2_1.16_MAÇARICO""";85;0;0;UN
1015;MFE;MACETA 1,5KG CABO GRAFITTE TIPO FACOM 1262H.125 OU EXPERT;57;0;0;UN
1016;MFE;MACETA DE CANTEIRO DO TIPO BELLOTA MADEIRA 1250GR;49;26;1;UN
1017;MFE;MALA DE FERRAMENTAS ROBUSTA DE 145PCS, TIPO EXPERT PRIMO;56;0;0;UN
1018;MFE;"MALA DE TRANSPORTE DE FERRAMENTA 18142 ALUMÍNIO PEREL_ ANEXO ""LOTE2_1.121_FERRAMENTAS""";86;35;1;UN
1019;MFE;"MALA ROQUETE COMPLETA MANNESMANN 215 PEÇAS_ ANEXO ""LOTE2_1.122_ROQUETE""";71;0;0;UN
1020;ELE;MANGA RETRATIL 12/3;19;10;2;UN
1021;ELE;MANGA RETRATIL 200MM X 1M;25;2;1;UN
1022;ELE;MANGA RETRATIL 22/6;19;23;2;UN
1023;ELE;MANGA RETRATIL 25/8;19;24;2;UN
1024;ELE;MANGA RETRATIL 8/2;18;32;2;UN
1025;DIV;MANGUEIRA TRICOTADA 50M X 19MM 3/4;34;1;1;UN
1026;DIV;MANGUEIRAS ESPIRAL DE AR;24;2;1;UN
1027;PICH;MANIPULO DE TORNEIRA CLÁSSICA ESTRIA FINA;41;0;0;UN
1028;MAQ;MÁQUINA COM MANGUEIRA DESENTUPIDORA DE ESGOTOS MAKITA;53;0;0;UN
1029;MAQ;"MÁQUINA DE COLAR PPR 20 - 32_ POLIFUSOR PARA TUBOS TERMOSTÁTICO 
800W ROTHENBERGER ROWELD P 63 S-6";98;11;1;UN
1030;MAQ;MÁQUINA DE PINTAR_ TIPO W990 FLEXIO WAGNER;42;0;0;UN
1031;MAQ;MÁQUINA DE VERGAR TUBO BICONE DE 15 A 28 ELÉTRICA TIPO REMS REMS580027;70;0;0;UN
1032;DIV;MARCADOR DE TINTA PERMANENTE DE PONTA GROSSA PRETA;50;28;3;UN
1033;TRA;MARCO BALIZADOR DE BORRACHA C/PERNO DE FIXAÇÃO, 4 FAIXAS AMARELAS 650X80MM*MM;77;0;0;UN
1034;TRA;MARCO BALIZADOR DE BORRACHA C/PERNO DE FIXAÇÃO, 4 FAIXAS AMARELAS 800X80MM*MM;77;0;0;UN
1035;MFE;MARRETA DE 5KG _TIPO BELLOTA 5200-5;35;0;1;UN
1036;MFE;MARRETA QUADRADA CABO FIBRA DE CARBONO 1000GR BELLOTA REF. 5310-B CF;68;0;0;UN
1037;MAQ;MARTELO COMBINADO AVT 45 MM HR4511C_ TIPO  MAKITA;49;32;1;UN
1038;MAQ;MARTELO COMBINADO LXT MOD DHR242Z, À BATERIA 18V 5AH INCLUINDO MALA MAKPAC, 2 BATERIAS, CARREGADOR_ TIPO MAKITA ;112;0;1;UN
1039;MAQ;MARTELO COMBINADO ROMPEDOR HORIZONTAL SDS MAX HM 1213C_ MAKITA;62;0;0;UN
1040;MFE;MARTELO DE BOLA CABO GRAFITTE TIPO FACOM 202H.1/4 OU EXPERT;59;1;1;UN
1041;MFE;MARTELO DE BORRACHA SIMPLES;27;5;1;UN
1042;MFE;MARTELO DE CALCETEIRO DO TIPO BELLOTA;37;10;1;UN
1043;MFE;MARTELO DE CARPINTEIRO 300GR TIPO BELLOTA;41;0;0;UN
1044;MAQ;MARTELO DEMOLIDOR 5,1KG HM0870C _ TIPO  MAKITA;46;9;1;UN
1045;MAQ;MARTELO LIGEIRO 800W 26MM SDS-PLUS 3 HR 2630_ MAKITA;52;0;0;UN
1046;MFE;MARTELO MECÂNICO TIPO DIN CABO GRAFITTE TIPO FACOM 205C.20 OU EXPERT;68;20;1;UN
1047;MFE;MARTELO S/RICOCHETE C/BATENTES INTER-MUTÁVEIS CABO GRAFITTE TIPO FACOM 212A.35 OU EXPERT;88;0;0;UN
1048;MFE;MARTELO S/RICOCHETE MONOBLOCO CABO GRAFITTE TIPO FACOM 216.40 OU EXPERT;71;17;1;UN
1049;EPI'S;MASCARA DE PROTEÇÃO FP1;23;2;1;UN
1050;EPI'S;MASCARA DE PROTEÇÃO FP2;23;0;0;UN
1051;EPI'S;MASCARA DE PROTEÇÃO FP3;23;0;0;UN
1052;EPI'S;MASCARA DE SOLDADOR ELETRÓNICA WARRIOR TECH REF:0700000400;58;2;1;UN
1053;EPI'S;MASCARA FACIAL 2 FILTROS;24;0;1;UN
1054;PINT;MASSA DE ACABAMENTO AGUAPLAST - EMBA 5KG;40;8;3;UN
1055;TRO;MASSA DE TOMAÇÃO COLOR BEGE_5KG_TIPO WEBER COLOR;48;4;1;UN
1056;TRO;MASSA DE TOMAÇÃO TITÂNIO_5KG_TIPO WEBER COLOR;45;2;1;UN
1057;PICH;MASSA DE VEDAÇÃO DE 250ML_TIPO VEDOX;36;0;2;UN
1058;PINT;MASSA FINA - SACO DE 1KG;24;0;0;UN
1059;SER;MASSA LAVA MÃOS P/ SERRALHEIRO_ 4KG;35;6;3;UN
1060;MFE;"MATRIZES PARA VERGAR TUBO 1 1/2"" P/ CURVADORA HIDRAÚLICA DE TUBOS VKPSWG2 CAPACIDADE - 16 TON";93;0;0;UN
1061;MFE;"MATRIZES PARA VERGAR TUBO 1 1/4"" P/ CURVADORA HIDRAÚLICA DE TUBOS VKPSWG2 CAPACIDADE - 16 TON";93;0;0;UN
1062;MFE;"MATRIZES PARA VERGAR TUBO 1"" P/ CURVADORA HIDRAÚLICA DE TUBOS VKPSWG2 CAPACIDADE - 16 TON";89;0;0;UN
1063;MFE;"MATRIZES PARA VERGAR TUBO 1/2"" P/ CURVADORA HIDRAÚLICA DE TUBOS VKPSWG2 CAPACIDADE - 16 TON";91;0;0;UN
1064;MFE;"MATRIZES PARA VERGAR TUBO 2"" P/ CURVADORA HIDRAÚLICA DE TUBOS VKPSWG2 CAPACIDADE - 16 TON";89;0;0;UN
1065;MFE;"MATRIZES PARA VERGAR TUBO 3/4"" P/ CURVADORA HIDRAÚLICA DE TUBOS VKPSWG2 CAPACIDADE - 16 TON";91;0;0;UN
1066;MAQ;MEDIDOR DE LASER_ MAKITA LD050P;31;0;0;UN
1067;FAR;MEIA IGNIFUGA E ANTI-ESTÁTICA;29;0;0;UN
1068;FAR;MEIA TERMICA COR PRETA;22;0;0;UN
1069;MAQ;MINI-REBARBADORA 1.300W 115MM, MOD. GA4550R, INCUINDO MALA MAKPAC TIPO2;71;0;1;UN
1070;PICH;MISTURADORA DE BANCA BICA ALTA;30;4;2;UN
1071;PICH;MISTURADORA DE BANCA BICA ALTA À PAREDE;39;3;2;UN
1072;PICH;MISTURADORA DE BANCA BICA BAIXA À BANCA;39;0;1;UN
1073;PICH;MISTURADORA DE BANCA BICA BAIXA À PAREDE;40;6;2;UN
1074;PICH;MISTURADORA DE BANHEIRA GAMA NORMAL;35;3;2;UN
1075;PICH;MISTURADORA DE BASE DE CHUVEIRO;31;10;2;UN
1076;PICH;MISTURADORA DE BIDÉ;19;3;2;UN
1077;PICH;MISTURADORA DE MANÍPULOS P/ LAVATÓRIO;37;3;1;UN
1078;PICH;MISTURADORA MONOCOMANDO DE LAVATÓRIO;36;48;2;UN
1079;FER;MOLA HIDRÁULICA AEREA;21;-1;2;UN
1080;MAQ;MULTIFUNÇÕES 18V A BATERIA _ TIPO MAKITA DTM51ZJ INCUINDO MALA MAKPAC TIPO 2, CARREGADOR E 2 BATERIAS 18V-5A;108;0;0;UN
1081;MFE;MULTIMETRO DE ISOLAMENTO FLUKE REF.FLUKE 1587 FC;48;0;0;UN
1082;MFE;MULTIMETRO DIGITAL HT REF.HT10P;31;0;0;UN
1083;MFE;NAVALHA C/CABO BI-MATÉRIA LAMINA DESCARNA FIO TIPO FACOM 840.F OU EXPERT;72;0;0;UN
1084;MFE;NIVEL BELLOTA TUBULAR REFORÇADO DE 500X20X50 REF.50101-50;57;0;0;UN
1085;MFE;NIVEL TRAPEZOIDAL MAGNÉTICO TIPO FACOM 307BM25 OU EXPERT;56;0;0;UN
1086;EPI'S;OCULOS DE PROTEÇÃO EM BORRACHA E BORDA ISOLADORA;48;1;1;UN
1087;EPI'S;OCULOS PROTEÇÃO;15;39;3;UN
1088;SER;OLEO DE MÁQUINA DE CORTE_5LTS;29;5;1;UN
1089;SER;ÓLEO MÁQUINA DE CORTE DA SERRALHARIA 5LTS;41;2;1;UN
1090;SER;OLHAL DE SERRALHEIRO ZN M12X100MM;33;-4;1;UN
1091;SER;OLHAL INOX 50X8MM;17;1;1;UN
1092;ELE;OLHO DE BOI SOFI;16;34;3;UN
1093;MFE;"PÁ COM MAXIMO DE COMPRIMENTO 1M TIPO BELLOTA_ ANEXO ""LOTE2_1.135_PÁ BICO""";73;10;1;UN
1094;MFE;PÁ PONTA CABO ANILHA COM 265 X 325 BELLOTA REF.5501-2 A;55;0;0;UN
1095;ELE;PAINEL CIRCULAR LED ENCASTRAR 4/5W-4500K;40;228;2;UN
1096;ELE;PAINEL REDONDO BRANCO LED  EXTERIORES 24W REGULÁVEIS 3000K/4000K/6500K;70;48;3;UN
1097;ELE;PAINEL REDONDO BRANCO LED  EXTERIORES 36W REGULÁVEIS 3000K/4000K/6500K;70;0;1;UN
1098;ELE;PAINEL REDONDO BRANCO LED  EXTERIORES 40W REGULÁVEIS 3000K/4000K/6500K;70;33;1;UN
1099;ELE;PAINEL REDONDO BRANCO LED  EXTERIORES 9W REGULÁVEIS 3000K/4000K/6500K;69;25;1;UN
1100;ELE;PAINEL REDONDO BRANCO LED 12W/4000K;35;0;1;UN
1101;ELE;PAINEL REDONDO BRANCO LED 20W/4000K;35;3;2;UN
1102;ELE;PAINEL REDONDO BRANCO LED 9W/4000K;34;81;1;UN
1103;SER;PANO DE REDE DE METAL DISTENDIDO L62 T 3050 C/ 6250 X 1250MM MALHA 62 X 20MM ENTRE EIXOS ESPESSURA 3MM TRAVESSA 5MM;115;1;1;UN
1104;PAR;PARAFUSO CABEÇA TORX GALVANIZADO/ZINCADO 5X70 ROSCA PARCIAL;59;1300;1;UN
1105;PAR;PARAFUSO INOX 2.6X12 PZ CAB. CHATA;34;680;1;UN
1106;PAR;PARAFUSO INOX 2.6X20 PZ CAB. CHATA;34;98;1;UN
1107;PAR;PARAFUSO INOX 3.5X15 PZ CAB OVAL;32;100;1;UN
1108;PAR;PARAFUSO INOX 3X12 PZ CAB. CHATA;32;800;1;UN
1109;PAR;PARAFUSO INOX 3X12 PZ CAB. OVAL;31;0;1;UN
1110;PAR;PARAFUSO INOX 3X25 PH CAB. CHATA;32;0;1;UN
1111;PAR;PARAFUSO INOX 3X25 PH CAB. OVAL;31;0;1;UN
1112;PAR;PARAFUSO INOX 3X25 PZ CAB. CHATA;32;800;1;UN
1113;PAR;PARAFUSO INOX 3X25 PZ CAB. OVAL;31;1150;1;UN
1114;PAR;PARAFUSO INOX 3X30 PH CAB. CHATA;32;12;1;UN
1115;PAR;PARAFUSO INOX 3X30 PZ CAB. CHATA;32;700;1;UN
1116;PAR;PARAFUSO INOX 3X35 PZ CAB. CHATA;32;490;1;UN
1117;PAR;PARAFUSO INOX 3X35PH CAB. CHATA;31;20;1;UN
1118;PAR;PARAFUSO INOX 3X40 PZ CAB. CHATA;32;255;1;UN
1119;PAR;PARAFUSO INOX 4.5X30 PH CAB OVAL;32;70;1;UN
1120;PAR;PARAFUSO INOX 4.8X50 PH CAB. OVAL;33;20;1;UN
1121;PAR;PARAFUSO INOX 4X12 PH CAB. CHATA;32;20;1;UN
1122;PAR;PARAFUSO INOX 4X20 PH CAB. CHATA;32;20;1;UN
1123;PAR;PARAFUSO INOX 4X25 PH CAB. OVAL;31;500;1;UN
1124;PAR;PARAFUSO INOX 4X25 PZ CAB. CHATA;32;908;1;UN
1125;PAR;PARAFUSO INOX 4X25 PZ CAB. OVAL;31;20;1;UN
1126;PAR;PARAFUSO INOX 4X30 PH CAB. OVAL;31;0;1;UN
1127;PAR;PARAFUSO INOX 4X30 PZ CAB. CHATA;32;-25;1;UN
1128;PAR;PARAFUSO INOX 4X35 PZ CAB. CHATA;32;1120;2;UN
1129;PAR;PARAFUSO INOX 4X40 PH CAB. OVAL;31;20;1;UN
1130;PAR;PARAFUSO INOX 4X40 PZ CAB. CHATA;32;50;1;UN
1131;PAR;PARAFUSO INOX 4X40 PZ CAB. OVAL;31;1400;1;UN
1132;PAR;PARAFUSO INOX 4X45 PH CAB. OVAL;31;100;1;UN
1133;PAR;PARAFUSO INOX 4X45 PZ CAB. CHATA;32;1000;2;UN
1134;PAR;PARAFUSO INOX 4X50 PH CAB. OVAL;31;900;1;UN
1135;PAR;PARAFUSO INOX 4X50 PZ CAB. CHATA;32;60;1;UN
1136;PAR;PARAFUSO INOX 4X60 PZ CAB. CHATA ROSCA PARCIAL;46;20;1;UN
1137;PAR;PARAFUSO INOX 4X70 PZ CAB. CHATA ROSCA PARCIAL;46;212;1;UN
1138;PAR;PARAFUSO INOX 5X20 PZ CAB. CHATA;32;300;1;UN
1139;PAR;PARAFUSO INOX 5X25 PH CAB. OVAL;31;20;1;UN
1140;PAR;PARAFUSO INOX 5X25 PZ CAB. CHATA;32;1800;3;UN
1141;PAR;PARAFUSO INOX 5X25 PZ CAB. OVAL;31;200;1;UN
1142;PAR;PARAFUSO INOX 5X30 PZ CAB. CHATA;32;0;1;UN
1143;PAR;PARAFUSO INOX 5X30 PZ CAB. OVAL;31;250;1;UN
1144;PAR;PARAFUSO INOX 5X35 PH CAB. OVAL;31;20;1;UN
1145;PAR;PARAFUSO INOX 5X35 PZ CAB. CHATA;32;1400;2;UN
1146;PAR;PARAFUSO INOX 5X40  PZ CAB. OVAL;32;20;1;UN
1147;PAR;PARAFUSO INOX 5X40 PH CAB. OVAL;31;50;1;UN
1148;PAR;PARAFUSO INOX 5X40 PZ CAB. CHATA;32;20;1;UN
1149;PAR;PARAFUSO INOX 5X45 PH CAB. OVAL;31;20;1;UN
1150;PAR;PARAFUSO INOX 5X45 PZ CAB. CHATA;32;4;1;UN
1151;PAR;PARAFUSO INOX 5X50 PZ CAB. CHATA ROSCA PARCIAL;46;250;1;UN
1152;PAR;PARAFUSO INOX 5X60 TORX;23;8;1;UN
1153;PAR;PARAFUSO INOX 5X70 PZ CAB. CHATA ROSCA PARCIAL;46;0;1;UN
1154;PAR;PARAFUSO INOX 6X100 PZ CAB. CHATA;33;0;1;UN
1155;PAR;PARAFUSO INOX 6X120 PZ CAB. CHATA;33;60;1;UN
1156;PAR;PARAFUSO INOX 6X30 PZ CAB. CHATA;32;200;1;UN
1157;PAR;PARAFUSO INOX 6X40 PZ CAB. CHATA;32;1070;2;UN
1158;PAR;PARAFUSO INOX 6X50 PZ CAB. CHATA;32;0;1;UN
1159;PAR;PARAFUSO INOX 6X60 PZ CAB. CHATA;32;0;1;UN
1160;PAR;PARAFUSO INOX 6X70 PZ CAB. CHATA;32;0;1;UN
1161;PAR;PARAFUSO INOX 6X80 PZ CAB. CHATA;32;20;1;UN
1162;PAR;PARAFUSO INOX M10X20 CAB. SEXTAVADA;35;734;2;UN
1163;PAR;PARAFUSO INOX M10X30 CAB. SEXTAVADA;35;5;1;UN
1164;PAR;PARAFUSO INOX M10X40 CAB. SEXTAVADA;35;1032;2;UN
1165;PAR;PARAFUSO INOX M10X50 CAB. SEXTAVADA;35;1072;2;UN
1166;PAR;PARAFUSO INOX M10X70 CAB. SEXTAVADA;35;638;2;UN
1167;PAR;PARAFUSO INOX M12X30 CAB. SEXTAVADA;35;1000;2;UN
1168;PAR;PARAFUSO INOX M12X40 CAB. SEXTAVADA;35;1100;2;UN
1169;PAR;PARAFUSO INOX M12X45 CAB. SEXTAVADA;35;15;1;UN
1170;PAR;PARAFUSO INOX M12X50 CAB. SEXTAVADA;35;590;2;UN
1171;PAR;PARAFUSO INOX M12X70 CAB. SEXTAVADA;35;800;2;UN
1172;PAR;PARAFUSO INOX M14X60 CAB. SEXTAVADA;35;82;2;UN
1173;PAR;PARAFUSO INOX M14X90 CAB. SEXTAVADA;35;110;2;UN
1174;PAR;PARAFUSO INOX M16X60 CAB. SEXTAVADA;35;20;1;UN
1175;PAR;PARAFUSO INOX M16X90 CAB. SEXTAVADA;35;10;1;UN
1176;PAR;PARAFUSO INOX M3X12 PH CAB. OVAL;32;50;1;UN
1177;PAR;PARAFUSO INOX M3X16 PH CAB. OVAL;32;20;1;UN
1178;PAR;PARAFUSO INOX M3X25 PH CAB. OVAL;32;50;1;UN
1179;PAR;PARAFUSO INOX M3X30 PH CAB. OVAL;32;70;1;UN
1180;PAR;PARAFUSO INOX M3X35 PH CAB. OVAL;32;100;1;UN
1181;PAR;PARAFUSO INOX M4X12 PH CAB. CHATA;33;60;1;UN
1182;PAR;PARAFUSO INOX M4X20 PH CAB. OVAL;32;48;1;UN
1183;PAR;PARAFUSO INOX M5X12 PZ CAB. OVAL;32;20;1;UN
1184;PAR;PARAFUSO INOX M5X12MM PZ CAB. CHATA;35;20;1;UN
1185;PAR;PARAFUSO INOX M6X100 SEXTAVADO;30;20;1;UN
1186;PAR;PARAFUSO INOX M6X10MM PZ CAB. CHATA;35;20;1;UN
1187;PAR;PARAFUSO INOX M6X12 CAB. SEXTAVADA;34;1044;3;UN
1188;PAR;PARAFUSO INOX M6X12 CAB. UMBRAKO;32;20;1;UN
1189;PAR;PARAFUSO INOX M6X12 PH;22;20;1;UN
1190;PAR;PARAFUSO INOX M6X20 PH CAB. CHATA;33;20;1;UN
1191;PAR;PARAFUSO INOX M6X35 CAB. SEXTAVADA;34;0;1;UN
1192;PAR;PARAFUSO INOX M6X35 PH;22;400;1;UN
1193;PAR;PARAFUSO INOX M6X40 CAB. OVAL E QUADRA;38;3;1;UN
1194;PAR;PARAFUSO INOX M6X45 PH CAB. CHATA;33;20;1;UN
1195;PAR;PARAFUSO INOX M6X45 PZ CAB. CHATA;33;20;1;UN
1196;PAR;PARAFUSO INOX M6X50 CAB. SEXTAVADA;34;327;3;UN
1197;PAR;PARAFUSO INOX M6X60 CAB. OVAL E QUADRA;38;0;1;UN
1198;PAR;PARAFUSO INOX M6X70 CAB. SEXTAVADA;34;849;3;UN
1199;PAR;PARAFUSO INOX M8X20 CAB. SEXTAVADA;34;980;3;UN
1200;PAR;PARAFUSO INOX M8X25 CAB. SEXTAVADA;34;522;3;UN
1201;PAR;PARAFUSO INOX M8X25 PH CAB. CHATA;33;600;1;UN
1202;PAR;PARAFUSO INOX M8X30 CAB. SEXTAVADA;34;994;3;UN
1203;PAR;PARAFUSO INOX M8X40 CAB. OVAL E QUADRA;38;4;1;UN
1204;PAR;PARAFUSO M10X100 ZN SEXTAVADO;29;30;1;UN
1205;PAR;PARAFUSO M10X80 ZN SEXTAVADO;28;28;1;UN
1206;CAR;PARAFUSO M5X60 ZN PARA CANHÃO;29;200;1;UN
1207;CAR;PARAFUSO M5X80 ZN PARA CANHÃO;29;400;1;UN
1208;PAR;PARAFUSO M8X12 INOX UMBRAKO;27;130;1;UN
1209;PAR;PARAFUSO M8X15 ZN SEXTAVADO;27;250;1;UN
1210;PAR;PARAFUSO M8X40 ZN PH;20;670;1;UN
1211;PAR;PARAFUSO M8X50 ZN SEXTAVADO;27;42;1;UN
1212;PAR;PARAFUSO M8X60 ZN PH;20;500;1;UN
1213;PAR;PARAFUSO TAPIT 10X100/30 (LOMBAS);33;0;1;UN
1214;PAR;PARAFUSO TIREFOUND INOX M6X30 CAB. SEXTAVADA;44;400;1;UN
1215;PAR;PARAFUSO TIREFOUND INOX M6X50 CAB. SEXTAVADA;44;300;1;UN
1216;PAR;PARAFUSO TIREFOUND INOX M8X100 CAB. SEXTAVADA ROSCA PARCIAL;59;-100;1;UN
1217;PAR;PARAFUSO ZN 2.5X16 PZ CAB. CHATA;32;100;1;UN
1218;PAR;PARAFUSO ZN 2.6X12 PZ CAB. CHATA;32;500;1;UN
1219;PAR;PARAFUSO ZN 2.6X20 PH CAB. CHATA;32;960;1;UN
1220;PAR;PARAFUSO ZN 3.5X20 PZ CAB. CHATA;32;2270;3;UN
1221;PAR;PARAFUSO ZN 3.5X25 PH CAB OVAL;30;50;1;UN
1222;PAR;PARAFUSO ZN 3.5X25 PZ CAB OVAL;30;50;1;UN
1223;PAR;PARAFUSO ZN 3.5X25 PZ CAB. CHATA;32;1750;3;UN
1224;PAR;PARAFUSO ZN 3.5X30 PZ CAB. CHATA;32;3850;3;UN
1225;PAR;PARAFUSO ZN 3.5X35 PZ CAB. CHATA;32;5250;2;UN
1226;PAR;PARAFUSO ZN 3.5X40 PZ CAB. CHATA;32;3250;3;UN
1227;PAR;PARAFUSO ZN 3.5X45 PZ CAB. CHATA;32;0;1;UN
1228;PAR;PARAFUSO ZN 3.5X50 PZ CAB. CHATA;32;1983;2;UN
1229;PAR;PARAFUSO ZN 3.9X16 AUTOPERFURANTES SEXTAVADO;44;570;1;UN
1230;PAR;PARAFUSO ZN 3.9X32 PH CAB. CHATA AUTOPERFURANTE DIN 7504-P;58;810;2;UN
1231;PAR;PARAFUSO ZN 3X12 PZ CAB. CHATA;30;0;1;UN
1232;PAR;PARAFUSO ZN 3X20 PZ CAB. CHATA;30;20;1;UN
1233;PAR;PARAFUSO ZN 3X25 PH CAB. OVAL;29;20;1;UN
1234;PAR;PARAFUSO ZN 3X25 PZ CAB. CHATA;30;0;1;UN
1235;PAR;PARAFUSO ZN 3X25 PZ CAB. OVAL;29;280;1;UN
1236;PAR;PARAFUSO ZN 3X30 PZ CAB. CHATA;30;0;1;UN
1237;PAR;PARAFUSO ZN 3X35 PZ CAB. CHATA;30;0;1;UN
1238;PAR;PARAFUSO ZN 3X40 PZ CAB. CHATA;30;800;1;UN
1239;PAR;PARAFUSO ZN 3X45 PZ CAB. CHATA;30;775;1;UN
1240;PAR;PARAFUSO ZN 3X50 PZ CAB. CHATA;30;550;1;UN
1241;PAR;PARAFUSO ZN 4,2X32 AUTOPERFURANTES PZ CAB. CHATA_7504-P;55;-60;1;UN
1242;PAR;PARAFUSO ZN 4.5X30 PZ CAB. CHATA;32;2920;3;UN
1243;PAR;PARAFUSO ZN 4.5X35 PZ CAB. CHATA;32;0;1;UN
1244;PAR;PARAFUSO ZN 4.5X45 PZ CAB. CHATA;32;0;1;UN
1245;PAR;PARAFUSO ZN 4.5X50 PZ CAB. CHATA;32;7095;3;UN
1246;PAR;PARAFUSO ZN 4.8X38 AUTOPERFURANTES PZ CAB. CHATA_7504-P;55;40;1;UN
1247;PAR;PARAFUSO ZN 4.8X50 AUTOPERFURANTES SEXTAVADO;44;1930;1;UN
1248;PAR;PARAFUSO ZN 4.8X50 PH CAB. OVAL;31;700;1;UN
1249;PAR;PARAFUSO ZN 4X12 PZ CAB. CHATA;30;200;1;UN
1250;PAR;PARAFUSO ZN 4X16 PZ CAB. CHATA;30;500;1;UN
1251;PAR;PARAFUSO ZN 4X20 PZ CAB. CHATA;30;2800;3;UN
1252;PAR;PARAFUSO ZN 4X25 PH CAB. OVAL;29;0;1;UN
1253;PAR;PARAFUSO ZN 4X25 PZ CAB. CHATA;30;1744;3;UN
1254;PAR;PARAFUSO ZN 4X25 PZ CAB. OVAL;29;50;1;UN
1255;PAR;PARAFUSO ZN 4X30 PH CAB. OVAL;29;20;1;UN
1256;PAR;PARAFUSO ZN 4X30 PZ CAB. CHATA;30;1399;3;UN
1257;PAR;PARAFUSO ZN 4X35 PH CAB OVAL;28;70;1;UN
1258;PAR;PARAFUSO ZN 4X35 PZ CAB. CHATA;30;3140;3;UN
1259;PAR;PARAFUSO ZN 4X40 PH CAB. OVAL;29;20;1;UN
1260;PAR;PARAFUSO ZN 4X40 PZ CAB. CHATA;30;222;1;UN
1261;PAR;PARAFUSO ZN 4X40 PZ CAB. OVAL;29;700;1;UN
1262;PAR;PARAFUSO ZN 4X45 PZ CAB. CHATA;30;1240;3;UN
1263;PAR;PARAFUSO ZN 4X50 PH CAB. OVAL;29;1300;1;UN
1264;PAR;PARAFUSO ZN 4X50 PZ CAB. CHATA;30;0;1;UN
1265;PAR;PARAFUSO ZN 4X60 PZ CAB. CHATA;30;20;1;UN
1266;PAR;PARAFUSO ZN 4X70 PZ CAB. CHATA ROSCA PARCIAL;44;0;1;UN
1267;PAR;PARAFUSO ZN 5.5X32 AUTOPERFURANTES SEXTAVADO;44;730;1;UN
1268;PAR;PARAFUSO ZN 5X20 PZ CAB. CHATA;30;790;1;UN
1269;PAR;PARAFUSO ZN 5X20 TORX CAB. CHATA;32;600;2;UN
1270;PAR;PARAFUSO ZN 5X25 AUTOPERFURANTES SEXTAVADO;42;100;1;UN
1271;PAR;PARAFUSO ZN 5X25 PH CAB. OVAL;29;20;1;UN
1272;PAR;PARAFUSO ZN 5X25 PZ CAB. CHATA;30;1470;2;UN
1273;PAR;PARAFUSO ZN 5X25 PZ CAB. OVAL;29;1000;1;UN
1274;PAR;PARAFUSO ZN 5X30 PH CAB. OVAL;29;300;1;UN
1275;PAR;PARAFUSO ZN 5X30 PZ CAB. CHATA;30;505;1;UN
1276;PAR;PARAFUSO ZN 5X35 PZ CAB. CHATA;30;3401;3;UN
1277;PAR;PARAFUSO ZN 5X35 PZ CAB. OVAL;29;154;1;UN
1278;PAR;PARAFUSO ZN 5X40 PH CAB. OVAL;29;20;1;UN
1279;PAR;PARAFUSO ZN 5X40 PZ CAB. CHATA;30;2066;3;UN
1280;PAR;PARAFUSO ZN 5X40 PZ CAB. OVAL;29;20;1;UN
1281;PAR;PARAFUSO ZN 5X40 TORX CAB. CHATA;32;850;3;UN
1282;PAR;PARAFUSO ZN 5X45 PZ CAB. CHATA;30;428;1;UN
1283;PAR;PARAFUSO ZN 5X50 PH CAB. OVAL;29;0;1;UN
1284;PAR;PARAFUSO ZN 5X50 PZ CAB. CHATA;30;1320;3;UN
1285;PAR;PARAFUSO ZN 5X50 PZ CAB. OVAL;29;20;1;UN
1286;PAR;PARAFUSO ZN 5X60 PZ CAB. CHATA;30;0;1;UN
1287;PAR;PARAFUSO ZN 5X60 TORX CAB. CHATA;32;120;2;UN
1288;PAR;PARAFUSO ZN 5X70 PZ CAB. CHATA;30;0;1;UN
1289;PAR;PARAFUSO ZN 5X70 PZ CAB. CHATA ROSCA PARCIAL;44;6;1;UN
1290;PAR;PARAFUSO ZN 6,3X125 AUTOPERFURANTES SEXTAVADO;45;0;1;UN
1291;PAR;PARAFUSO ZN 6,3X63 AUTOPERFURANTES SEXTAVADO;44;280;1;UN
1292;PAR;PARAFUSO ZN 6X100 PZ CAB. CHATA;31;0;1;UN
1293;PAR;PARAFUSO ZN 6X120 PZ CAB. CHATA;31;0;1;UN
1294;PAR;PARAFUSO ZN 6X20 PZ CAB. CHATA;30;20;1;UN
1295;PAR;PARAFUSO ZN 6X20 TORX CAB. CHATA;32;120;2;UN
1296;PAR;PARAFUSO ZN 6X30 PZ CAB. CHATA;30;1250;2;UN
1297;PAR;PARAFUSO ZN 6X30 TORX CAB. CHATA;32;300;1;UN
1298;PAR;PARAFUSO ZN 6X35 PZ CAB. CHATA;30;1100;2;UN
1299;PAR;PARAFUSO ZN 6X40 PZ CAB. CHATA;30;3400;3;UN
1300;PAR;PARAFUSO ZN 6X40 TORX CAB. CHATA;32;1276;3;UN
1301;PAR;PARAFUSO ZN 6X45 PZ CAB. CHATA;30;150;1;UN
1302;PAR;PARAFUSO ZN 6X50 PZ CAB. CHATA;30;-100;1;UN
1303;PAR;PARAFUSO ZN 6X60 PZ CAB. CHATA;30;-56;1;UN
1304;PAR;PARAFUSO ZN 6X60 PZ CAB. CHATA AMARELO;38;300;1;UN
1305;PAR;PARAFUSO ZN 6X60 TORX CAB. CHATA;32;500;2;UN
1306;PAR;PARAFUSO ZN 6X70 PZ CAB. CHATA;30;20;1;UN
1307;PAR;PARAFUSO ZN 6X80 PZ CAB. CHATA;30;20;1;UN
1308;PAR;PARAFUSO ZN 6X80 PZ CAB. CHATA ROSCA PARCIAL;44;20;1;UN
1309;PAR;PARAFUSO ZN 8X180MM ROSCA PARCIAL;33;100;1;UN
1310;PAR;PARAFUSO ZN 8X20 PZ CAB. CHATA;30;120;2;UN
1311;PAR;PARAFUSO ZN 8X20 TORX CAB. CHATA;32;120;2;UN
1312;PAR;PARAFUSO ZN 8X30 PZ CAB. CHATA;30;0;1;UN
1313;PAR;PARAFUSO ZN 8X35 PZ CAB. CHATA;30;20;1;UN
1314;PAR;PARAFUSO ZN 8X40 PZ CAB. CHATA;30;0;2;UN
1315;PAR;PARAFUSO ZN 8X40 TORX CAB. CHATA;32;120;2;UN
1316;PAR;PARAFUSO ZN 8X60 PZ CAB. CHATA;30;51;2;UN
1317;PAR;PARAFUSO ZN 8X60 TORX CAB. CHATA;32;120;2;UN
1318;PAR;PARAFUSO ZN M10X30 CAB. SEXTAVADA;33;184;2;UN
1319;PAR;PARAFUSO ZN M10X40 CAB. SEXTAVADA;33;20;1;UN
1320;PAR;PARAFUSO ZN M10X50 CAB. SEXTAVADA;33;220;2;UN
1321;PAR;PARAFUSO ZN M10X60 CAB. SEXTAVADA;33;20;1;UN
1322;PAR;PARAFUSO ZN M10X70 CAB. SEXTAVADA;33;0;1;UN
1323;PAR;PARAFUSO ZN M10X90 CAB. SEXTAVADA;33;0;1;UN
1324;PAR;PARAFUSO ZN M12X100 CAB. SEXTAVADO;34;200;1;UN
1325;PAR;PARAFUSO ZN M12X30 CAB. SEXTAVADA;33;10;1;UN
1326;PAR;PARAFUSO ZN M12X40 CAB. OVAL E QUADRA;37;20;1;UN
1327;PAR;PARAFUSO ZN M12X40 CAB. SEXTAVADA;33;8;1;UN
1328;PAR;PARAFUSO ZN M12X50 CAB. SEXTAVADA;33;0;1;UN
1329;PAR;PARAFUSO ZN M12X60 CAB. OVAL E QUADRA;37;30;1;UN
1330;PAR;PARAFUSO ZN M12X60 CAB. SEXTAVADA;33;220;2;UN
1331;PAR;PARAFUSO ZN M12X70 CAB. SEXTAVADA;33;-4;1;UN
1332;PAR;PARAFUSO ZN M12X80 CAB. OVAL E QUADRA ROSCA PARCIAL;51;20;1;UN
1333;PAR;PARAFUSO ZN M12X80 CAB. SEXTAVADO;33;200;1;UN
1334;PAR;PARAFUSO ZN M12X90 CAB. SEXTAVADA;33;0;1;UN
1335;PAR;PARAFUSO ZN M14X100 CAB. SEXTAVADO;34;200;1;UN
1336;PAR;PARAFUSO ZN M14X60 CAB. SEXTAVADA;33;200;2;UN
1337;PAR;PARAFUSO ZN M14X80 CAB OVAL QUADRA ROSCA PARCIAL;48;20;1;UN
1338;PAR;PARAFUSO ZN M14X80 CAB. SEXTAVADO;33;200;1;UN
1339;PAR;PARAFUSO ZN M14X90 CAB. SEXTAVADA;33;10;1;UN
1340;PAR;PARAFUSO ZN M16X40 CAB. SEXTAVADA;33;20;1;UN
1341;PAR;PARAFUSO ZN M16X60 CAB. SEXTAVADA;33;6;1;UN
1342;PAR;PARAFUSO ZN M16X80 CAB. SEXTAVADA;33;3;1;UN
1343;PAR;PARAFUSO ZN M16X90 CAB. SEXTAVADA;33;0;1;UN
1344;PAR;PARAFUSO ZN M5X20 CAB. OVAL E QUADRA;36;20;1;UN
1345;PAR;PARAFUSO ZN M5X20 PZD CAB. CHATA;32;100;1;UN
1346;PAR;PARAFUSO ZN M5X25 CAB. OVAL E QUADRA;36;600;1;UN
1347;PAR;PARAFUSO ZN M5X25 CAB. SEXTAVADA;32;0;1;UN
1348;PAR;PARAFUSO ZN M5X40 PZD CAB. CHATA;32;100;1;UN
1349;PAR;PARAFUSO ZN M5X60 PZD CAB. CHATA;32;45;1;UN
1350;PAR;PARAFUSO ZN M6X100 AUTOPERFURANTES SEXTAVADO;44;15;1;UN
1351;PAR;PARAFUSO ZN M6X20 PZD CAB. SEXTAVADA;36;100;1;UN
1352;PAR;PARAFUSO ZN M6X25 CAB. SEXTAVADO;32;200;1;UN
1353;PAR;PARAFUSO ZN M6X35 CAB. SEXTAVADO;32;200;1;UN
1354;PAR;PARAFUSO ZN M6X40 CAB. OVAL E QUADRA;36;20;1;UN
1355;PAR;PARAFUSO ZN M6X40 PZD CAB. SEXTAVADA;36;100;1;UN
1356;PAR;PARAFUSO ZN M6X50 CAB. SEXTAVADA;32;0;1;UN
1357;PAR;PARAFUSO ZN M6X60 CAB. SEXTAVADA;32;120;2;UN
1358;PAR;PARAFUSO ZN M6X70 CAB. SEXTAVADA;32;20;1;UN
1359;PAR;PARAFUSO ZN M6X80 CAB. SEXTAVADA;32;0;1;UN
1360;PAR;PARAFUSO ZN M8X100 CAB. OVAL E QUADRA ROSCA PARCIAL;51;74;1;UN
1361;PAR;PARAFUSO ZN M8X100 CAB. SEXTAVADA;33;0;1;UN
1362;PAR;PARAFUSO ZN M8X120 CAB. SEXTAVADA ROSCA PARCIAL;47;12;1;UN
1363;PAR;PARAFUSO ZN M8X16 CAB. SEXTAVADA;32;20;1;UN
1364;PAR;PARAFUSO ZN M8X160 CAB. SEXTAVADA ROSCA PARCIAL;47;0;1;UN
1365;PAR;PARAFUSO ZN M8X20 CAB. SEXTAVADA;32;50;1;UN
1366;PAR;PARAFUSO ZN M8X20 PH CAB. CHATA;31;750;1;UN
1367;PAR;PARAFUSO ZN M8X25 CAB. SEXTAVADA;32;20;1;UN
1368;PAR;PARAFUSO ZN M8X30 CAB. SEXTAVADA;32;0;1;UN
1369;PAR;PARAFUSO ZN M8X35 CAB. SEXTAVADA;32;220;2;UN
1370;PAR;PARAFUSO ZN M8X50 CAB. SEXTAVADA;32;200;1;UN
1371;PAR;PARAFUSO ZN M8X70 CAB. SEXTAVADA;32;0;1;UN
1372;PAR;PARAFUSO ZN M8X80 CABEÇA OVAL E QUADRA;38;0;1;UN
1373;FAR;PARKA 2 EM 1 IMPERMEÁVEL IGNIFUGA ANTI ESTÁTICA TAM - L;55;0;0;UN
1374;FAR;PARKA 2 EM 1 IMPERMEÁVEL IGNIFUGA ANTI ESTÁTICA TAM - M;55;0;0;UN
1375;FAR;PARKA VISIBLE X-TREME C/FORRO AMOVÍVEL TAM - L;46;0;0;UN
1376;FAR;PARKA VISIBLE X-TREME C/FORRO AMOVÍVEL TAM - M;46;0;0;UN
1377;FAR;PARKA VISIBLE X-TREME C/FORRO AMOVÍVEL TAM - S;46;0;0;UN
1378;FAR;PARKA VISIBLE X-TREME C/FORRO AMOVÍVEL TAM - XL;47;0;0;UN
1379;FAR;PARKA VISIBLE X-TREME C/FORRO AMOVÍVEL TAM - XXL;48;0;0;UN
1380;PICH;PASSADOR DE 15 BICONE;21;0;1;UN
1381;PICH;PASSADOR DE 22 BICONE;21;17;1;UN
1382;PICH;"PASSADOR DE BORBOLETA 1"" BICONE";31;0;0;UN
1383;PICH;"PASSADOR DE ESFERA 1""";21;1;1;UN
1384;PICH;PASSADOR DE ESFERA 1/2 BICONE;29;0;1;UN
1385;PICH;PASSADOR DE ESFERA 3/4 BICONE;29;0;1;UN
1386;PICH;PASSADOR ESQUADRIA DE 1/2X1/2;29;48;2;UN
1387;PICH;PASSADOR ESQUADRIA DE 1/2X3/8;29;76;2;UN
1388;PICH;PASSADOR PPR 20;15;0;0;UN
1389;PICH;PASSADOR PPR 25;15;0;0;UN
1390;PICH;PASSADOR PPR 32;15;0;0;UN
1391;TRO;PASTA BETUMINOSA A FRIO TIPO P100_LATA 0,75 OU 1LTS/KG;54;0;1;UN
1392;MFE;PÉ DE CABRA BELLOTA REF.5982-18X500;35;0;1;UN
1393;FER;PEÇA METÁLICA PARA SUPORTE DE QUADROS ESCOLARES;47;0;1;UN
1394;ELE;PENTE MONOFÁSICO DE FORQUILHA P/QUADRO;38;5;1;UN
1395;ELE;PENTE MONOFASICO SIMPLES;24;1;1;UN
1396;ELE;"PENTE TRIFÁSICO ""POINT"" 57MM";28;500;1;UN
1397;ELE;PENTE TRIFÁSICO 4P 100A;23;9;1;UN
1398;ELE;PENTE TRIFÁSICO 4P 80A;22;10;1;UN
1399;ELE;PENTE TRIFASICO FORQUILHA;25;99;1;UN
1400;ELE;PENTE TRIFASICO SIMPLES;23;2;1;UN
1401;MFE;"PERTIGA PARA APANHA FOLHAS TELESCOPIO 6 MTS_ ANEXO ""LOTE2_1.138_PERTIGA""";72;10;1;UN
1402;MFE;PICARETA DE PEDREIRO DO TIPO BELLOTA PEQUENA;44;0;1;UN
1403;DIV;PILHA AA LÍTIO 1,5V;19;5;1;UN
1404;DIV;PILHA AAA LÍTIO 1,5V;20;5;1;UN
1405;ELE;PILHA SEMÁFORO 6V;17;10;1;UN
1406;MFE;PINÇA AMPERIMÉTRICA FLUKE T6-1000/T6-600;40;0;0;UN
1407;MFE;PINÇA AMPERIMÉTRICA HT REF.HT9023;33;0;0;UN
1408;TRO;PINCEL DE CAIAR C/ CABO DE MADEIRA _ TIPO PARDAL ;49;57;3;UN
1409;PINT;"PINCEL DE SISAL CURTO_ ANEXO ""LOTE2_ 1.140_PINCEIS""";51;52;1;UN
1410;PINT;PINCEL GAMA SUPER Nº06 TIPO PARDAL;34;10;1;UN
1411;PINT;PINCEL GAMA SUPER Nº08 TIPO PARDAL;34;14;1;UN
1412;PINT;PINCEL GAMA SUPER Nº10 TIPO PARDAL;34;12;1;UN
1413;PINT;PINCEL GAMA SUPER Nº12 TIPO PARDAL;34;12;1;UN
1414;PINT;PINCEL GAMA SUPER Nº18 TIPO PARDAL;34;19;3;UN
1415;PINT;PINCEL GAMA SUPER Nº20 TIPO PARDAL;34;46;3;UN
1416;PINT;PINCEL GAMA SUPER Nº22 TIPO PARDAL;34;15;3;UN
1417;PINT;PINCEL GAMA SUPER Nº24 TIPO PARDAL;34;27;3;UN
1418;PINT;PINCEL GAMA SUPER Nº26 TIPO PARDAL;34;24;3;UN
1419;PINT;PINCEL GAMA SUPER Nº28 TIPO PARDAL;34;23;3;UN
1420;MFE;PISTOLA DE SILICONE PROFISSIONAL 50264 ROBUSTA PARA APLICAÇÃO DE BUCHA QUÍMICA_ TIPO BELLOTA REF 50264;102;3;1;UN
1421;FER;PITAO DE ARGOLA FECHADA C/ ROSCA M6 COMPRIMENTO 50MM;52;110;2;UN
1422;CAR;PLACA CONTRAPLACADO MARÍTIMO ANTIDERRAPANTE PICOTADO 2500 X 1520 X 12 MM;72;24;1;UN
1423;CAR;PLACA CONTRAPLACADO MARÍTIMO CHOUPO ANTIDERRAPANTE AVELOLAR 2500 X 1250 X 15MM;78;5;3;UN
1424;CAR;PLACA CONTRAPLACADO MARÍTIMO CHOUPO ANTIDERRAPANTE AVELOLAR 2500 X 1250 X 19MM;78;39;3;UN
1425;CAR;PLACA DE AGLOMERADO BRANCO MA 2750 X 1830 X 16MM;48;4;1;UN
1426;CAR;PLACA DE AGLOMERADO FOLHEADO A TOLA A/A 2750 X 1830 X 12MM;58;6;1;UN
1427;CAR;PLACA DE AGLOMERADO FOLHEADO A TOLA A/A 2750 X 1830 X 16MM;58;6;1;UN
1428;CAR;PLACA DE CONTRAPLACADO DE BETULA EM CRU 2500 X 1250 X 09MM;58;1;1;UN
1429;CAR;PLACA DE CONTRAPLACADO DE BETULA EM CRU 2500 X 1250 X 12MM;58;0;1;UN
1430;CAR;PLACA DE CONTRAPLACADO DE BETULA EM CRU 2500 X 1250 X 15MM;58;1;1;UN
1431;CAR;PLACA DE MDF FOLHEADO BRANCO 2750 X 1830 X 5MM;46;5;1;UN
1432;CAR;PLACA DE MDF HIDROFUGO 2750 X 1830 X 10MM;41;1;1;UN
1433;CAR;PLACA DE MDF HIDROFUGO 2750 X 1830 X 16MM;41;5;1;UN
1434;CAR;PLACA DE OSB CLASSE3 2500 X 1250 X 12 MM;40;6;1;UN
1435;CAR;PLACA DE OSB CLASSE3 2500 X 1250 X 18 MM;40;3;1;UN
1436;CAR;PLACA DE OSB CLASSE3 2500 X 1250 X 22 MM;40;1;2;UN
1437;MFE;"PLAINA DE FERRO 3"" TIPO STANLEY";31;0;0;UN
1438;FAR;POLO AV MANGA COMPRIDA OLGIATA SIOEN TAM - L;44;0;0;UN
1439;FAR;POLO AV MANGA COMPRIDA OLGIATA SIOEN TAM - M;44;0;0;UN
1440;FAR;POLO AV MANGA COMPRIDA OLGIATA SIOEN TAM - S;44;0;0;UN
1441;FAR;POLO AV MANGA COMPRIDA OLGIATA SIOEN TAM - XL;45;0;0;UN
1442;FAR;POLO AV MANGA COMPRIDA OLGIATA SIOEN TAM - XXL;46;0;0;UN
1443;FAR;POLO IGNIFUGO AV MANGA COMPRIDA GARAT SIOEN TAM - L;51;0;0;UN
1444;FAR;POLO IGNIFUGO AV MANGA COMPRIDA GARAT SIOEN TAM - M;51;0;0;UN
1445;FAR;POLO IGNIFUGO AV MANGA COMPRIDA GARAT SIOEN TAM - XL;52;0;0;UN
1446;FAR;POLO IGNIFUGO AV MANGA COMPRIDA MULTINORMAS TAM - L;51;0;0;UN
1447;FAR;POLO IGNIFUGO AV MANGA COMPRIDA MULTINORMAS TAM - M;51;0;0;UN
1448;FAR;POLO IGNIFUGO AV MANGA COMPRIDA MULTINORMAS TAM - XL;52;0;0;UN
1449;FAR;POLO MANGA CURTA AV MOLINA SIOEN TAM - L;40;0;0;UN
1450;FAR;POLO MANGA CURTA AV MOLINA SIOEN TAM - M;40;0;0;UN
1451;FAR;POLO MANGA CURTA AV MOLINA SIOEN TAM - S;40;0;0;UN
1452;FAR;POLO MANGA CURTA AV MOLINA SIOEN TAM - XL;41;0;0;UN
1453;FAR;POLO MANGA CURTA AV MOLINA SIOEN TAM - XXL;42;0;0;UN
1454;ELE;PONTEIRA 1,5MM PRETO;20;0;1;UN
1455;ELE;PONTEIRA 10MM CASTANHO;22;0;2;UN
1456;ELE;PONTEIRA 16MM BRANCA;20;122;2;UN
1457;ELE;PONTEIRA 2,5MM LARANJA;22;99;2;UN
1458;ELE;PONTEIRA 25MM PRETO;19;50;1;UN
1459;ELE;PONTEIRA 4MM CINZA;18;300;2;UN
1460;ELE;PONTEIRA 6MM VERDE;18;199;2;UN
1461;MFE;PONTEIRO C/PROTEÇÃO 350 X 16;28;0;1;UN
1462;MFE;PONTEIRO SDS-MAX 400MM BETÃO ARMADO;35;0;0;UN
1463;FER;PORCA DE MAMA INOX M10;22;14;2;UN
1464;FER;PORCA DE MAMA INOX M12;22;62;2;UN
1465;FER;PORCA DE MAMA INOX M14;22;11;1;UN
1466;FER;PORCA DE MAMA INOX M16;22;15;1;UN
1467;FER;PORCA DE MAMA INOX M6;21;55;2;UN
1468;FER;PORCA DE MAMA INOX M8;21;20;2;UN
1469;FER;PORCA DE MAMA ZN M10;20;10;1;UN
1470;FER;PORCA DE MAMA ZN M12;20;10;1;UN
1471;FER;PORCA DE MAMA ZN M6;19;50;1;UN
1472;FER;PORCA DE MAMA ZN M8;19;2;1;UN
1473;FER;PORCA DE REBITES ROSCADO M10X15MM;33;0;0;UN
1474;FER;PORCA DE REBITES ROSCADO M6X15MM;32;0;1;UN
1475;FER;PORCA DE REBITES ROSCADO M8X15MM;32;0;1;UN
1476;FER;PORCA INOX M10;14;264;3;UN
1477;FER;PORCA INOX M12;14;180;3;UN
1478;FER;PORCA INOX M14;14;94;3;UN
1479;FER;PORCA INOX M16;14;292;3;UN
1480;FER;PORCA INOX M6;13;304;3;UN
1481;FER;PORCA INOX M8;13;549;3;UN
1482;FER;PORCA ZN M10;12;295;3;UN
1483;FER;PORCA ZN M10 C/ FREIO;21;86;2;UN
1484;FER;PORCA ZN M12;12;226;2;UN
1485;FER;PORCA ZN M12 C/ FREIO;21;504;2;UN
1486;FER;PORCA ZN M14;12;172;2;UN
1487;FER;PORCA ZN M14 C/ FREIO;21;84;1;UN
1488;FER;PORCA ZN M16;12;342;2;UN
1489;FER;PORCA ZN M16 C/ FREIO;21;84;1;UN
1490;FER;PORCA ZN M6;11;255;3;UN
1491;FER;PORCA ZN M6 C/ FREIO;20;260;2;UN
1492;FER;PORCA ZN M6 ORELHA;18;47;2;UN
1493;FER;PORCA ZN M8;11;610;3;UN
1494;FER;PORCA ZN M8 C/ FREIO;20;11;2;UN
1495;FER;PORCA ZN M8 ORELHA;18;58;2;UN
1496;ELE;PORTA FUSÍVEIS UNIPOLARES 10X38;31;655;1;UN
1497;ELE;PORTA FUSÍVEIS UNIPOLARES 14X51;31;87;1;UN
1498;ELE;PORTA FUSÍVEIS UNIPOLARES 22X58;31;23;1;UN
1499;PICH;PORTA ROLOS DE PAPEL DE MÃOS;28;0;1;UN
1500;ELE;PORTINHOLA P100 C/ FECHO - BARRAMENTO TERRA E NEUTRO;52;4;2;UN
1501;ELE;PORTINHOLA P400 C/ FECHO C/BARRAMENTO DE NEUTRO COMPLETO REFª 03 PBTE 400 T;75;0;2;UN
1502;ELE;PORTINHOLA P50 C/FECHO - BARRAMENTO TERRA E NEUTRO;50;0;2;UN
1503;CAR;PREGO 1/2 TELHAR GALVANIZADO;28;4;2;KG
1504;CAR;PREGO GALEOTA GALVANIZADO;25;2;2;KG
1505;CAR;PREGO Nº 3 GALVANIZADO;22;4;2;KG
1506;CAR;PREGO Nº 6 GALVANIZADO;22;3,8;2;KG
1507;DIV;PREGO P/PISTOLA DE AR COMPRIMIDO 12 X 12;40;30000;1;UN
1508;DIV;PREGO P/PISTOLA DE AR COMPRIMIDO 12 X 15;40;15000;1;UN
1509;DIV;PREGO P/PISTOLA DE AR COMPRIMIDO 12 X 20;40;10000;1;UN
1510;DIV;PREGO P/PISTOLA DE AR COMPRIMIDO 12 X 25;40;5000;1;UN
1511;DIV;PREGO P/PISTOLA DE AR COMPRIMIDO 12 X 30;40;5000;1;UN
1512;DIV;PREGO P/PISTOLA DE AR COMPRIMIDO 12 X 35;40;5000;1;UN
1513;DIV;PREGO P/PISTOLA DE AR COMPRIMIDO 12 X 40;40;0;1;UN
1514;DIV;PREGO P/PISTOLA DE AR COMPRIMIDO 12 X 45;40;13249;1;UN
1515;DIV;PREGO P/PISTOLA DE AR COMPRIMIDO 12 X 50;40;15000;1;UN
1516;PINT;PRIMARIO AQUOSO MADEIRAS_1LTS;29;2;1;UN
1517;PINT;PRIMARIO BRANCO DE SECAGEM NORMAL 0,75LTS;41;52;2;UN
1518;PINT;PRIMÁRIO BRANCO P/ PAREDES 15LTS TIPO SIKAGUARD ;48;9;2;UN
1519;PINT;PRIMARIO BRANCO_4/5LTS;22;2;1;UN
1520;PINT;PRIMARIO CINZA  WASH-PRIMMER 0,75 OU1LTS;40;0;1;UN
1521;PINT;PRIMARIO CINZA 0,75 OU1LTS TIPO CIN;35;45;2;UN
1522;PINT;PRIMARIO CINZENTO SR_4LTS;25;3;1;UN
1523;PINT;PRIMARIO CINZENTO_4LTS;22;12;1;UN
1524;PINT;PRIMARIO CÔR ÓXIDO DE FERRO_LATA 1LTS_ TIPO CIN;47;2;1;UN
1525;PINT;PRIMARIO ISOLANTE BRANCA_15LTS_ TIPO CIN;40;10;2;UN
1526;PINT;PRIMARIO ISOLANTE BRANCA_1LTS;29;7;1;UN
1527;PINT;PRIMARIO RAL 6005 SRVERDE GARRAFA_LATA 0,75LTS_TIPO CIN;55;2;1;UN
1528;PINT;PRIMARIO RAL 6005 VERDE GARRAFA, SECAGEM NORMAL_LATA 0,75LTS_TIPO CIN;69;4;1;UN
1529;PINT;PRIMARIO RAL 6019, SECAGEM NORMAL_LATA 0,75LTS_TIPO CIN;55;8;1;UN
1530;PINT;PRIMARIO RAL 8008 0,75 OU1LTS;29;3;1;UN
1531;PINT;PRIMÁRIO UNIVERSAL BRANCO P/ MADEIRAS E FERROSOS 1LTS TIPO CIN;62;37;2;UN
1532;PINT;PRIMÁRIO UNIVERSAL CINZA P/ MADEIRAS E FERROSOS 1LTS TIPO CIN;61;29;2;UN
1533;ELE;PROJETOR DE LED 30WTS RECARREGAVEIS;35;0;0;UN
1534;ELE;PROJETOR GAMA 50W/6000K_ TIPO ARUS;34;0;1;UN
1535;ELE;PROJETOR LED 200W/4000K_ TIPO GEWISS ELIA FL - XL3 200W - 60° - 4000K CRI80 - ON/OFF - IP66 - CLASSE I - PRETO - VIDA ÚTIL >=80.000H;132;37;2;UN
1536;ELE;PROJETOR LED IP65 100W/4000K C/PAINEL FOTOVOLTAICO;50;5;1;UN
1537;ELE;PROJETOR LED IP65 200W/4000K_ TIPO BEGHELLI;43;0;1;UN
1538;ELE;PROJETOR LED IP65 50W/4000K;27;0;2;UN
1539;ELE;PROJETOR LED IP65 50W/4000K C/PAINEL FOTOVOLTAICO;49;0;1;UN
1540;ELE;PROJETOR LED THREELINE OLYMPIQUE 200W/5700K PQM;47;0;1;UN
1541;ELE;PROJETOR LED THREELINE OLYMPIQUE 240W/5700K PQM;47;0;0;UN
1542;ELE;PROJETOR LED THREELINE OLYMPIQUE 360W/5700K;43;0;0;UN
1543;ELE;PROJETOR LED THREELINE PRG 50W RGB;34;0;1;UN
1544;CAR;PROTETOR DE CADEIRA EM BORRACHA C/ ENCAIXE P/ INTERIOR DO TUBO DE 22MM INTERIORES;81;500;1;UN
1545;MAQ;PULVERIZADOR DE COSTAS A BATERIA 12V COM CAP 12L, INCLUINDO BATERIA E CARREGADOR DEMAIS ACESSÓRIOS;98;9;1;UN
1546;FER;PUXADOR C/ ESPELHO COMPRIDO INOX P/ CANHÃO;42;58;3;UN
1547;FER;PUXADOR C/ ESPELHO COMPRIDO INOX P/ CHAVE NORMAL;48;23;3;UN
1548;FER;PUXADOR DE ASA CROMADO CURVO (ARMÁRIOS DE COZINHA);50;10;1;UN
1549;FER;PUXADOR DE BOLA INOX;20;0;1;UN
1550;FER;PUXADOR DE MULETA EM INOX;25;17;3;UN
1551;FER;PUXADOR DE PORTA DE ALUMINIO;28;10;1;UN
1552;ELE;QUADRO 3 JANELAS 54 MÓDULOS EXTERIOR ESTANQUE;45;6;1;UN
1553;ELE;QUADRO ELETRICO DE 12MOD. C/ PORTA COMPLETO;43;0;2;UN
1554;ELE;QUADRO ELETRICO DE 36MOD. C/ PORTA COMPLETO;43;4;2;UN
1555;ELE;QUADRO ELETRICO DE 48MOD. C/ PORTA COMPLETO;43;5;2;UN
1556;ELE;QUADRO ELETRICO DE 8MOD. C/ PORTA COMPLETO;42;1;1;UN
1557;PICH;RALO CHUVEIRO ESFÉRICO;22;0;1;UN
1558;ELE;REACTANCIA 1000W/230V;21;2;1;UN
1559;ELE;REACTANCIA 150W;15;2;2;UN
1560;ELE;REACTANCIA 2000W/400V;21;0;1;UN
1561;ELE;REACTANCIA 250W;15;3;2;UN
1562;ELE;REACTANCIA 400W;15;4;2;UN
1563;ELE;REACTANCIA 70W;14;76;2;UN
1564;MAQ;REBARBADORA 125MM LXT 18V 5.0AH, MOD. DGA504Z, INCLUINDO MALA MAKPAC TIPO2 _TIPO MAKITA;87;0;1;UN
1565;MAQ;REBARBADORA 2.200W 230MM SAR MALA_ TIPO MAKITA GA9020RKD;56;0;1;UN
1566;MAQ;REBARBADORA 2.400W 230MM, MOD. GA9030R, INCLUINDO MALA MAKPAC TIPO2 _TIPO MAKITA;80;0;1;UN
1567;MAQ;REBARBADORA ANGULAR PNEUMÁTICA QB135 M7 MAKITA;46;0;0;UN
1568;MAQ;REBARBADORA MINI 1.450W 125MM, MOD. GA5021C, INCLUINDO MALA MAKPAC TIPO2 _TIPO MAKITA;85;0;2;UN
1569;MAQ;REBARBADORA MINI 1100W 125MM _GA5040RZ MAKITA;45;0;0;UN
1570;MAQ;REBARBADORA MINI 1100W 125MM _GA5040RZ MAKITA INCUINDO MALA MAKPAC TIPO 2;73;0;1;UN
1571;MAQ;REBITADOR HIDRAÚLICO DO AR RESISTENTE CEGO PNEUMÁTICO MAKITA;60;800;1;UN
1572;FER;REBITE 3.2X12MM;15;23;1;UN
1573;DIV;REBITE 4 X 20 MM ABA NORMAL;27;950;1;UN
1574;DIV;REBITE 4,8 X 16MM ABA LARGA;27;6000;2;UN
1575;FER;REBITE 4X14MM;13;1907;3;UN
1576;FER;REBITE 4X20MM;13;1250;2;UN
1577;FER;REBITE 4X25MM;13;9;1;UN
1578;DIV;REBITE 5 X 50 MM ABA NORMAL;27;1000;1;UN
1579;FER;REBITE 5X20MM;13;1952;3;UN
1580;FER;REBITE 5X25MM;13;50;1;UN
1581;DIV;REBITE FLOR 4,8 X 21MM;22;1000;1;UN
1582;FER;REBITE FLÔR 5X30MM;18;150;1;UN
1583;TRO;REBOCO HIDROFAGO_ 25KG;22;0;0;UN
1584;TRO;REBOCO NORMAL_25KG;18;0;0;UN
1585;PINT;RECARGA DE ROLO DE PINTURA 250MM ANTI GOTA_TIPO PARDAL ;55;139;2;UN
1586;PINT;RECARGA DE ROLO EM ESPONJA DE 100MM;35;526;3;UN
1587;PINT;RECARGA DE ROLO ESMALTE EM PÊLO_11CM;36;-2;1;UN
1588;PICH;RECARGAS DE GÁS ADEQUADAS AO MAÇARICO;37;3;1;UN
1589;EPI'S;RECARGAS MASCARA FACIAL DE 2 FILTROS;36;2;1;UN
1590;SER;REDE ESAFORT 76.2 X 12.7 X 2.45 H61CM;37;50;1;UN
1591;SER;REDE MALHA CANIL 100X50 MM, 250X150 CM ALTURA_ROLO 25MTS;56;0;0;UN
1592;SER;REDE MOSQUITEIRA METÁLICA;25;18;1;UN
1593;PICH;REDUÇÃO 110 - 40 PVC DIN;24;3;1;UN
1594;PICH;REDUÇÃO 110 - 50 PVC DIN;24;3;1;UN
1595;PICH;REDUÇÃO 110 - 90 PVC DIN;24;1;1;UN
1596;PICH;REDUÇÃO 40 - 32 PVC DIN;23;0;1;UN
1597;PICH;REDUÇÃO 50 - 32 PVC DIN;23;15;1;UN
1598;PICH;REDUÇÃO 50 - 40 PVC DIN;23;29;1;UN
1599;PICH;REDUÇÃO 50 - 90 PVC DIN;23;1;1;UN
1600;PICH;REDUÇÃO 75 - 40 PVC DIN;23;23;1;UN
1601;PICH;REDUÇÃO 75 - 50 PVC DIN;23;33;1;UN
1602;PICH;REDUÇÃO 90 - 40 PVC DIN;23;3;1;UN
1603;ELE;RELÓGIO MONOFÁSICO ANALÓGICO DIÁRIO;35;0;1;UN
1604;ELE;RELÓGIO MONOFÁSICO DIGITAL ASTRONOMICO HAGER;44;0;2;UN
1605;ELE;RELÓGIO MONOFÁSICO DIGITAL MENSAL HAGER;39;6;1;UN
1606;ELE;RELÓGIOS DE ESCADA;18;2;1;UN
1607;PINT;RESGUARDO DE MOBILIÁRIO PARA PINTURA;36;30;1;UN
1608;DIV;RESINA QUIMICA PARA BETÃO E COMPOSTOS ASFALTICOS (BUCHA QUIMÍCA) 300ML P/APLICAÇÃO COM PISTOLA DE SILICONE;106;28;3;UN
1609;ELE;RESINA VALIDADE JUL.2020;24;0;0;UN
1610;MAQ;ROÇADOR DE MOCHILA_ TIPO STIHL FR 235;37;0;0;UN
1611;PINT;ROLO ANTIGOTA GAMA PROFISSIONAL DE 180MM (ARMAÇÃO + ROLO);57;7;2;UN
1612;PINT;ROLO ANTIGOTA GAMA PROFISSIONAL DE 250MM (ARMAÇÃO + ROLO);57;4;2;UN
1613;DIV;ROLO DE FILME PRETO;19;2;1;UN
1614;DIV;ROLO DE FILME TRANSPARENTE;26;0;1;UN
1615;DIV;ROLO DE FIO DE NYLON DE 6MM BRANCO (250MIDADE);46;2;1;UN
1616;ELE;ROLO DE FITA SINALIZADORA PARA TUBO ELETRICIDADE ENTERRADO;58;100;1;UN
1617;PICH;ROLO DE TEFLON DE 19MM DOS GRANDES;34;12;3;UN
1618;PINT;ROLO PARA APLICAÇÃO DE ESMALTE C/ 100MM (ARMAÇÃO + ROLO);56;0;1;UN
1619;PINT;ROLO PARA ESMALTE EM ESPONJA 110MM (ARMAÇÃO + RECARGA);54;16;2;UN
1620;PICH;SABONETEIRA PLÁSTICO BRANCO;27;2;1;UN
1621;MFE;"SACHO C/ PATA E CABO DE MADEIRA TIPO BELLOTA_ ANEXO ""LOTE2_1.145_SACHO""";71;0;0;UN
1622;MFE;"SACO DE FERRAMENTA C/ 44,7 X 27,5 X 23,5CM_ TIPO STANLEY_ ANEXO ""LOTE2_1.146_SACO FER""";86;0;0;UN
1623;PICH;SANITA BRANCA;13;11;3;UN
1624;ELE;SENSOR DE MOVIMENTO 180º;24;136;3;UN
1625;ELE;SENSOR DE MOVIMENTO 360º;24;26;2;UN
1626;FER;SERRA CABOS INOX M10;20;0;1;UN
1627;FER;SERRA CABOS INOX M12;20;6;1;UN
1628;FER;SERRA CABOS INOX M5;19;0;0;UN
1629;FER;SERRA CABOS INOX M6;19;468;1;UN
1630;FER;SERRA CABOS INOX M8;19;0;1;UN
1631;FER;SERRA CABOS ZN M10;18;0;1;UN
1632;FER;SERRA CABOS ZN M12;18;59;1;UN
1633;SER;SERRA CABOS ZN M4MM;19;200;1;UN
1634;SER;SERRA CABOS ZN M6MM;19;84;2;UN
1635;SER;SERRA CABOS ZN M8MM;19;100;2;UN
1636;CAR;SERRA DE CORTE DE TICO-TICO;27;0;1;UN
1637;MFE;SERROTE CARPINTEIRO CABO MIMATERIAL BELLOTA REF.4555-19;55;0;0;UN
1638;MFE;"SERROTE DE COSTAS 300MM 12"" _ TIPO STANLEY FATMAX";49;0;1;UN
1639;MFE;SERROTE DE FACA 250MM_ TIPO STANLEY FATMAX;42;0;0;UN
1640;MFE;SERROTE MANUAL 603 DE ELEVADO DESEMPENHO TIPO FACOM 603.F OU EXPERT;67;0;0;UN
1641;PICH;SIFÃO DE URINOL SAÍDA 40;24;2;2;UN
1642;DIV;SILICONE BRANCO;15;9;3;UN
1643;DIV;SILICONE CINZENTO;17;26;4;UN
1644;DIV;SILICONE DE ALTA TEMPERATURA;28;0;0;UN
1645;DIV;SILICONE LIQUÍDO BRANCO_5KG_TIPO FISCHER;40;4;1;UN
1646;DIV;SILICONE LIQUÍDO CINZENTO_1KG_TIPO RUBSON;41;0;0;UN
1647;DIV;SILICONE LIQUÍDO CINZENTO_5KG_TIPO FISCHER;42;-1;1;UN
1648;DIV;SILICONE LIQUÍDO COR TELHA_5KG_TIPO FISCHER;43;3;1;UN
1649;DIV;SILICONE TRANSPARENTE;21;10;4;UN
1650;CAR;SOALHO DE PINHO TRATADO MACHIADO 2640 X 120 X 27MM 1º QUALIDADE;63;4,04;1;UN
1651;PICH;SOLDA DE ESTANHO EM BARRAS DE 50CM PARA CALEIROS;48;7;2;UN
1652;MAQ;SOPRADOR DE MOCHILA_ TIPO STIHL BR 450;38;0;0;UN
1653;DIV;SPRAY ANTIFERRUGEM EM 300ML_WD40;32;37;3;UN
1654;DIV;SPRAY MASSA CONSISTENTE EM 300ML_WD40;37;1;1;UN
1655;DIV;SPRAY REFLETOR 500ML P/ MARCAR PAVIMENTO AMARELO;48;3;1;UN
1656;DIV;SPRAY REFLETOR 500ML P/ MARCAR PAVIMENTO VERDE;46;37;1;UN
1657;DIV;SPRAY REFLETOR 500ML P/ MARCAR PAVIMENTO VERMELHO;49;17;1;UN
1658;DIV;SPRAY TINTA ESMALTE ACRILICA COR BRANCO BRILHO_ TIPO PECOL ;59;28;2;UN
1659;DIV;SPRAY TINTA ESMALTE ACRILICA COR BRANCO MATE_ TIPO PECOL ;57;27;2;UN
1660;DIV;SPRAY TINTA ESMALTE ACRILICA COR PRETO MATE_ TIPO PECOL ;56;20;2;UN
1661;DIV;SPRAY TINTA ESMALTE ACRILICA COR RAL 6005_ TIPO PECOL ;54;30;2;UN
1662;DIV;SPRAY TINTA ESMALTE ACRILICA COR RAL 9005 BRILHO_ TIPO PECOL ;61;29;2;UN
1663;SER;SPRAY ZINCO A FRIO 300ML_TIPO GALVA BRILHO;42;1;1;UN
1664;PINT;SUBCAPA UNIVERSAL 0,75 BRANCO;29;1;1;UN
1665;DIV;SUPER COLA;10;17;3;UN
1666;ELE;SUPORTE CERÂMICOS E27;21;2;1;UN
1667;ELE;SUPORTE CERÂMICOS G12;21;83;1;UN
1668;ELE;SUPORTE CERÂMICOS RX7S;22;121;2;UN
1669;PICH;SUPORTE DE PAPEL DE MÃOS PLÁSTICO BRANCO;40;2;1;UN
1670;PICH;SUPORTE DE PAPEL HIGÉNICO PEQUENO;33;2;1;UN
1671;PICH;SUPORTE DE PAPEL HIGÉNICO PLÁSTICO BRANCO ROLO INDUSTRIAL;57;4;1;UN
1672;ELE;SUPORTE GU10;12;112;3;UN
1673;PICH;SUPORTE PAPEL MÃO INOX;22;5;1;UN
1674;CAR;TÁBUA DE DECK CASQUINHA TRATADO DE 3000 X 145 X 22 MM;53;96;1;UN
1675;CAR;TÁBUA DE DECK CASQUINHA TRATADO DE 3000 X 145 X 34 MM;53;9;1;UN
1676;CAR;TÁBUA DE PINHO TRATADO 2600 X 120 X 25MM APARELHADA;51;46;1;UN
1677;PINT;TABULEIRO DE 1L, 1,5L PARA APLICAÇÃO ESMALTE;44;38;2;UN
1678;PICH;TACO CEGO EM PLÁSTICO BRANCA;28;0;1;UN
1679;PICH;TACO CEGO EM PLÁSTICO CROMADO;29;3;1;UN
1680;PICH;"TACO LATÃO FÊMEA 1""";19;0;0;UN
1681;PICH;TACO LATÃO FÊMEA 1/2;20;55;2;UN
1682;PICH;TACO LATÃO FÊMEA 3/4;20;34;3;UN
1683;PICH;"TACO LATÃO MACHO 1""";19;0;1;UN
1684;PICH;TACO LATÃO MACHO 1/2;20;87;1;UN
1685;PICH;TACO LATÃO MACHO 3/4;20;39;1;UN
1686;PICH;TACO PVC 110;12;5;1;UN
1687;PICH;TACO PVC 125;12;5;1;UN
1688;PICH;TACO PVC 32;11;20;1;UN
1689;PICH;TACO PVC 40;11;13;1;UN
1690;PICH;TACO PVC 50;11;0;1;UN
1691;PICH;TACO PVC 75;11;8;1;UN
1692;PICH;TACO PVC 90;11;0;1;UN
1693;MFE;TALHADEIRA C/ PROTEÇÃO 350 X 16;31;0;1;UN
1694;MFE;TALHADEIRA SDS-MAX 400MM BETÃO ARMADO;37;0;0;UN
1695;TRO;TALOCHA 340X217MM;17;0;1;UN
1696;TRO;TALOCHA Nº3;11;9;1;UN
1697;PICH;TAMPA 110 PVC C/TAMP INOX 125;29;0;1;UN
1698;PICH;TAMPA CROMADA 110;17;5;1;UN
1699;PICH;TAMPA CROMADA 125;17;0;1;UN
1700;PICH;TAMPA CROMADA DE LATÃO 110 ABA LARGA;36;0;1;UN
1701;PICH;TAMPA CROMADA DE LATÃO 125 ABA LARGA;36;0;1;UN
1702;PICH;TAMPA CROMADA DE LATÃO 90 ABA LARGA;35;1;1;UN
1703;PICH;TAMPA DE SANITA EM POLICARBONATO GAMA ALTA;42;25;2;UN
1704;ELE;TAMPA QUADRADA BRANCA PARA CAIXA DE MANOBRA 80X80 / 100X100;59;75;3;UN
1705;ELE;TAMPA REDONDA PARA APARELHOS DE MANOBRA;39;47;3;UN
1706;PICH;TAMPO DE SANITA PARA PESSOAS DE MOBILIDADE REDUZIDA;51;5;1;UN
1707;PINT;TAPAPOROS_ LATA 1LTS_ TIPO CIN;30;55;4;UN
1708;PICH;TE 110 PVC DIN;14;0;1;UN
1709;PICH;TE 22X1/2X22 BICONE FEMEA;25;74;1;UN
1710;PICH;TE 22X15X22 BICONE;18;1;1;UN
1711;PICH;TE 32 PVC DIN;13;0;0;UN
1712;PICH;TE 40 PVC DIN;13;0;1;UN
1713;PICH;TE 50 PVC DIN;13;0;1;UN
1714;PICH;TE 75 PVC DIN;13;0;0;UN
1715;PICH;TE BICONE ROSCADO 15X1/2X15;27;2;1;UN
1716;PICH;TE BICONE SIMPLES 15;20;33;3;UN
1717;PICH;TE BICONE SIMPLES 22;20;0;1;UN
1718;PICH;"TE DE APERTO RÁPIDO 32X1""X32 FEMEA";34;15;1;UN
1719;PICH;"TE DE APERTO RÁPIDO 32X1""X32 MACHO";34;6;1;UN
1720;PICH;"TE LATÃO 1/2""";13;126;2;UN
1721;PICH;"TE LATÃO 3/4""";13;48;2;UN
1722;PICH;TE LATÃO SIMPLES 32 APERTO RÁPIDO;33;10;1;UN
1723;PICH;TE PPR 20;9;5;1;UN
1724;PICH;TE PPR 25;9;330;3;UN
1725;PICH;TE PPR 25 X 1/2 FEMEA;21;25;2;UN
1726;PICH;TE PPR 25 X 1/2 X 25 FEMEA;26;200;1;UN
1727;PICH;TE PPR 25 X 3/4 X 25 FEMEA;26;14;1;UN
1728;PICH;TE PPR 32;9;5;1;UN
1729;PICH;TE PVC 90 DIN;13;0;0;UN
1730;PICH;TE SIMPLES 32 APERTO RÁPIDO;27;60;1;UN
1731;ELE;TECLA BASCULANTE INTERIOR_TIPO EFAPEL SERIE 7000;48;30;1;UN
1732;ELE;TECLA BASCULANTE LUMINOSO_TIPO EFAPEL SERIE 7000;48;2;1;UN
1733;ELE;TECLA DUPLA SERIE 7000 EFAPEL;29;90;3;UN
1734;ELE;TECLA DUPLA SERIE 9000 EFAPEL;29;1;1;UN
1735;ELE;TECLA SIMPLES SERIE 7000 EFAPEL;31;105;3;UN
1736;ELE;TECLA SIMPLES SERIE 9000 EFAPEL;31;47;3;UN
1737;TRO;TELA ASFALTICA 15CM X 50M DIRETA;32;0;1;UN
1738;TRO;TELA ASFALTICA 1M X 50M;23;4;1;UN
1739;ELE;TELEFONE DE CAMPAINHA BRANCA_TIPO AMPLYVOX;42;0;1;UN
1740;PICH;TELEFONE DE CHUVEIRO 1/2 COM BASE LARGA;39;3;1;UN
1741;DIV;"TENDA ARTICULADA 3 X 3M EM LONA PRETA_ANEXO ""LOTE2_1.154_TENDA""";63;0;0;UN
1742;ELE;TERMINAL 10MM C/FURO 10MM;25;1700;1;UN
1743;ELE;TERMINAL 10MM C/FURO 12MM;25;200;2;UN
1744;ELE;TERMINAL 16MM C/FURO 10MM;25;2300;2;UN
1745;ELE;TERMINAL 16MM C/FURO 12MM;25;110;2;UN
1746;ELE;TERMINAL 25MM C/FURO 10MM;25;200;2;UN
1747;ELE;TERMINAL 25MM C/FURO 12MM;25;400;3;UN
1748;ELE;TERMINAL 6MM C/FURO 8MM;23;400;3;UN
1749;ELE;TERMINAL DE 10MM C/ FURO 10MM;29;100;1;UN
1750;ELE;TERMINAL DE COBRE 10MM2 M8;26;33;1;UN
1751;ELE;TERMINAL DE COBRE 16MM2 M8;26;40;1;UN
1752;ELE;TERMINAL FÊMEA 4MM;18;800;3;UN
1753;ELE;TERMINAL FÊMEA 6MM;18;1296;3;UN
1754;MFE;TESOURA DE ELETRICISTA DE CORTE POTENTE TIPO FACOM 841A.3 OU EXPERT;67;0;0;UN
1755;TRA;TINTA DE TRAFEGO ACRÍLICA AMARELA BALDE 30 KG;45;0;0;UN
1756;TRA;TINTA DE TRAFEGO ACRÍLICA BRANCA BALDE 30 KG;44;0;0;UN
1757;TRA;TINTA DE TRAFEGO ACRÍLICA PRETA BALDE 30 KG;43;0;0;UN
1758;PINT;TINTA PAVIMENTO BRANCA_1LTS;27;1;1;UN
1759;PINT;TINTA PAVIMENTO PRETO_1LTS;26;4;1;UN
1760;PINT;TINTA PAVIMENTO RAL 1018 AMARELO_1LTS;37;1;1;UN
1761;PINT;TINTA PAVIMENTO RAL 1021_4LTS;29;2;1;UN
1762;PINT;TINTA PAVIMENTO RAL 2004_4LTS;29;3;1;UN
1763;PINT;TINTA PAVIMENTO RAL 2009 AMARELO_1LTS;37;1;1;UN
1764;PINT;TINTA PAVIMENTO RAL 3020 VERMELHO VIVO_1LTS;43;5;1;UN
1765;PINT;TINTA PAVIMENTO RAL 3020_4LTS;29;1;1;UN
1766;PINT;TINTA PAVIMENTO RAL 5005_1LTS;29;4;1;UN
1767;PINT;TINTA PAVIMENTO RAL 5012 AZUL CLARO_1LTS;40;0;1;UN
1768;PINT;TINTA PAVIMENTO RAL 5012_4LTS;29;1;1;UN
1769;PINT;TINTA PAVIMENTO RAL 6001_4LTS;29;2;1;UN
1770;PINT;TINTA PAVIMENTO RAL 6018 VERDE CLARO_1LTS;41;1;1;UN
1771;PINT;TINTA PAVIMENTO RAL 9005_4LTS;29;1;1;UN
1772;PINT;TINTA PLASTICA BRANCA PARA INTERIORES_ 1LTS_TIPO CIN;52;0;1;UN
1773;PINT;TINTA PLASTICA DE EXTERIORES FACHADAS BRANCA 15LTS;50;68;4;UN
1774;PINT;TINTA PLASTICA DE EXTERIORES/INTERIOR BRANCA 15LTS;50;19;4;UN
1775;PINT;TINTA PLASTICA DE EXTERIORES/INTERIOR RAL 9024 15LTS;52;2;1;UN
1776;PINT;TINTA PLASTICA DE EXTERIORES/INTERIOR RAL ROSA DIANA BAR 15LTS;62;2;1;UN
1777;PINT;TINTA PLASTICA DE EXTERIORES/INTERIORES RAL 1015 15 LTS;55;35;4;UN
1778;PINT;TINTA PLASTICA EXTERIOR RAL 1015 AFINADA SOBRE BASE _ 1LTS_TIPO CIN;67;2;1;UN
1779;PINT;TINTA PLASTICA RAL 6019 VERDE ÁGUA_15LTS;40;8;1;UN
1780;TRA;TIRA REFLETORA AUTOCOLANTE PARA PINOS DE BORRACHA AMARELA C/5CM DE LARGURA;74;0;0;UN
1781;TRA;TIRA REFLETORA AUTOCOLANTE PARA PINOS DE BORRACHA BRANCA C/ 5CM DE LARGURA;74;0;0;UN
1782;MAQ;TOCHA COMPLETA DE 4M PARA APARELHO DE SOLDAR SEMIAUTOMÁTICO MARCA ESAB LAG 315;78;2;1;UN
1783;MAQ;TOCHA COMPLETA DE 4M PARA APARELHO DE SOLDAR SEMIAUTOMÁTICO MARCA MIG 303;73;2;1;UN
1784;DIV;"TOLDE DE PROTEÇÃO AZUIS EM RAFIA C/ 2 X 3 M_ ANEXO ""LOTE2_1.156_TOLDO""";70;0;0;UN
1785;DIV;"TOLDE DE PROTEÇÃO AZUIS EM RAFIA C/ 4 X 3 M_ ANEXO ""LOTE2_1.156_TOLDO""";70;42;1;UN
1786;ELE;TOMADA C/TERRA EXTERIOR IP65 TIPO SHUCKO 2P+T;45;-1;2;UN
1787;ELE;TOMADA C/TERRA INTERIORES TIPO SHUCKO 2P+T;42;206;3;UN
1788;ELE;"TOMADA CARGA PLÁSTICO PRETO 1""(32) X 1/2 ROSCA METÁLICA";55;0;1;UN
1789;ELE;"TOMADA CARGA PLÁSTICO PRETO 1""(32) X 3/4 ROSCA METÁLICA";55;0;1;UN
1790;ELE;TOMADA RJ45 CAT6 UTP EXTERIOR;29;0;0;UN
1791;ELE;TOMADA RJ45 CAT6 UTP INTERIOR _TIPO EFAPEL SERIE 7000;53;0;1;UN
1792;ELE;TOMADAS EXTERIOR BRANCA 2P+T_ TIPO EFAPEL;41;226;3;UN
1793;ELE;TOPO 32X16 EFAPEL;17;70;3;UN
1794;ELE;TOPO P/CALHA 110 X 50_ TIPO EFAPEL;34;4;1;UN
1795;PICH;TORNEIRA CLASSICA DE 1 ÁGUA À PAREDE;36;17;1;UN
1796;PICH;TORNEIRA DE BANCA BICA ALTA, 1 ÁGUA DE 1/2 FIXAÇÃO À BANCA;58;15;2;UN
1797;PICH;TORNEIRA DE BOIA ENTRADA INFERIOR E LATERAL 3/8 TIPO OLI;56;14;2;UN
1798;PICH;TORNEIRA DE ESFERA 1/2;22;0;2;UN
1799;PICH;TORNEIRA DE ESQUADRIA DE MÁQUINA DE LAVAR 1/2 X 3/4;51;0;0;UN
1800;PICH;TORNEIRA ESFERA 3/4;19;8;2;UN
1801;PICH;"TORNEIRA LATÃO C/CHAVE DE SEGREDO DE 3/4 X 1""";45;20;2;UN
1802;PICH;TORNEIRA MONOCOMANDO 1 ÁGUA;27;4;1;UN
1803;PICH;TORNEIRA P/ MÁQUINA DE LAVAR 1/2 X 3/4;38;0;0;UN
1804;PICH;TORNEIRA TEMPORIZADA DE BANCA PEQUENA_CORPO LATÃO CROMADO;57;16;1;UN
1805;PICH;TORNEIRA TEMPORIZADA LAVATÓRIO 1/2;34;16;2;UN
1806;PICH;TORNEIRA TEMPORIZADA URINOL;27;7;1;UN
1807;MFE;TORNO DE BANCADA ROHER REF: 97.854;34;1;1;UN
1808;MFE;TORNO MECÂNICO;14;1;1;UN
1809;ELE;TRANSFORMADOR PARA PAINEL LED ENCASTRAR 18W-20W;47;0;2;UN
1810;ELE;TRANSFORMADOR PARA PAINEL LED ENCASTRAR 35W;43;10;2;UN
1811;ELE;TRANSFORMADOR PARA PAINEL LED ENCASTRAR 8W-12W;46;11;2;UN
1812;PINT;"TRINCHA GAMA SUPER DE 1""1/2 TIPO PARDAL";39;38;3;UN
1813;PINT;"TRINCHA GAMA SUPER DE 2"" TIPO PARDAL";36;28;3;UN
1814;PINT;"TRINCHA GAMA SUPER DE 2""1/2 TIPO PARDAL";39;27;3;UN
1815;PINT;"TRINCHA GAMA SUPER DE 3"" TIPO PARDAL";36;34;3;UN
1816;PICH;TUBO BICONE INOX 316 DE 15;26;88;3;M
1817;PICH;TUBO BICONE INOX 316 DE 22;26;62;3;M
1818;PICH;TUBO CORRUGADO CINZENTO 16MM;28;0;0;M
1819;PICH;TUBO CORRUGADO CINZENTO 20MM;28;0;0;M
1820;PICH;TUBO CORRUGADO VERMELHO 40MM;28;0;0;M
1821;PICH;TUBO CORRUGADO VERMELHO 50MM;28;0;0;M
1822;PICH;TUBO CORRUGADO VERMELHO 63MM;28;0;0;M
1823;PICH;TUBO DE AUTOCLISMO 40X50 DESCARGA;33;4;1;UN
1824;PICH;TUBO FLEXIVEL 32/40;19;-5;1;UN
1825;PICH;TUBO FLEXIVEL 32/40 C/APERTO E VALVULA DE LAVATÓRIO_TIPO JINTEM;63;127;3;UN
1826;PICH;TUBO FLEXIVEL 40/50;19;14;1;UN
1827;PICH;TUBO FLEXÍVEL 40/50 C/ VALVULA;30;71;3;UN
1828;SER;TUBO GALVANIZADO 20 X 20 X 1,5MM;32;414;1;M
1829;SER;TUBO GALVANIZADO 25 X 25 X 1,5MM;32;106;1;M
1830;SER;TUBO GALVANIZADO 30 X 30 X 1,5MM;32;224;1;M
1831;SER;TUBO GALVANIZADO 35 X 35 X 1,5MM;32;43;1;M
1832;SER;TUBO GALVANIZADO 40 X 40 X 1,5MM;32;20;1;M
1833;SER;TUBO GALVANIZADO 40 X 40 X 2MM;30;28;1;M
1834;SER;TUBO GALVANIZADO 50 X 50 X 2MM;30;6;1;M
1835;SER;TUBO GALVANIZADO 80 X 40 X 2MM;30;6;1;M
1836;SER;"TUBO GALVANIZADO SM 1 1/2""";26;42;1;M
1837;SER;"TUBO GALVANIZADO SM 1 1/4""";26;36;1;M
1838;SER;"TUBO GALVANIZADO SM 1""";22;60;1;M
1839;SER;"TUBO GALVANIZADO SM 1/2""";24;72;1;M
1840;SER;"TUBO GALVANIZADO SM 3/4""";24;72;1;M
1841;PICH;"TUBO HIDRONIL 1"" (32)";21;18;3;M
1842;PICH;"TUBO HIDRONIL 1/2"" (20)";23;13;3;M
1843;PICH;"TUBO HIDRONIL 3/4"" (25)";23;23;3;M
1844;PICH;TUBO PPR 20;11;3;1;M
1845;PICH;TUBO PPR 25;11;29;3;M
1846;PICH;TUBO PPR 32;11;5;1;M
1847;SER;TUBO PRETO 100 X 100 X 3MM;26;72;1;M
1848;SER;TUBO PRETO 12 X 12 X 1,5MM;26;30;1;M
1849;SER;TUBO PRETO 16 X 16 X 1,5MM;26;30;1;M
1850;SER;TUBO PRETO 20 X 20 X 1,5MM;26;0;1;M
1851;SER;TUBO PRETO 40 X 40 X 2MM;24;76;1;M
1852;SER;TUBO PRETO 50 X 30 X 2MM;24;12;1;M
1853;SER;TUBO PRETO 60 X 40 X 2MM;24;42;1;M
1854;SER;TUBO PRETO 80 X 40 X 3MM;24;42;1;M
1855;DIV;TUBO PRETO P.E.A.D AGRICOLA E INDUSTRIAL 32 X 10KG 32PN10 (ROLO);64;300;2;M
1856;PICH;TUBO PVC DIN 110 C/3MTS;23;0;1;M
1857;PICH;TUBO PVC DIN 125 C/3MTS;23;5;1;M
1858;PICH;TUBO PVC DIN 32 C/3MTS;22;29;3;M
1859;PICH;TUBO PVC DIN 40 C/3MTS;22;6;3;M
1860;PICH;TUBO PVC DIN 50 C/3MTS;22;31;3;M
1861;PICH;TUBO PVC DIN 63 C/3MTS;22;0;1;M
1862;PICH;TUBO PVC DIN 75 C/3MTS;22;63;4;M
1863;PICH;TUBO PVC DIN 90 C/3MTS;22;16;3;M
1864;PICH;TUBO VD LIVRES DE HALOGÉNIOS CINZENTOS 16MM;43;-5;1;M
1865;PICH;TUBO VD LIVRES DE HALOGÉNIOS CINZENTOS 20MM;43;10;1;M
1866;ELE;TUBO VD LIVRES DE HALOGÉNIOS CINZENTOS 25MM;43;13;1;M
1867;MAQ;TUPIA 12 MM_ TIPO MAKITA RP1800X, INCLUINDO CASQUILHOS REDUTORES DE 6 E 8, 2 PORCAS DE APERTO EXTRAS;100;0;0;UN
1868;MAQ;TUPIA MULTIFUNÇÕES 18V LÍTIO-ION 6 E 8 MM, TIPO MAKITA DRT50Z;61;0;0;UN
1869;MFE;TURQUEZ KNIPEX 220MM 99-00-220;30;0;0;UN
1870;PICH;UNIAO 15 BICONE;15;38;2;UN
1871;PICH;UNIAO 22 BICONE;15;13;1;UN
1872;PICH;UNIAO 32 PVC DIN;16;31;3;UN
1873;PICH;UNIAO BICONE 15 X 3/4 MACHO;27;10;1;UN
1874;PICH;UNIAO BICONE 15X1/2 FEMEA;25;0;2;UN
1875;PICH;UNIAO BICONE 15X3/4 MACHO;25;26;2;UN
1876;PICH;UNIAO BICONE 22X3/4 FEMEA;25;10;1;UN
1877;PICH;UNIAO BICONE 22X3/4 MACHO;25;0;0;UN
1878;PICH;UNIAO CROMADA 3/8X1/2 MACHO;27;40;1;UN
1879;PICH;UNIAO DE 40 PVC DIN;19;0;1;UN
1880;PICH;UNIAO DE 50 PVC DIN;19;3;1;UN
1881;PICH;UNIAO DE 75 PVC DIN;19;5;1;UN
1882;PICH;UNIAO DE 90 PVC DIN;19;4;1;UN
1883;ELE;UNIAO DE ALUMINIO 1,5MM;23;404;3;UN
1884;ELE;UNIAO DE ALUMINIO 2,5MM;23;400;3;UN
1885;ELE;UNIAO DE ALUMINIO 4MM;21;0;3;UN
1886;PICH;UNIAO DE APERTO RÁPIDO 25 PLÁSTICO MACHO;40;0;1;UN
1887;PICH;UNIAO DE APERTO RÁPIDO 32 PLÁSTICO MACHO;40;2;1;UN
1888;PICH;UNIAO DE CRUZAMENTO 110 PVC DIN;31;4;1;UN
1889;PICH;UNIAO DE CRUZAMENTO 15 BICONE;29;22;1;UN
1890;PICH;UNIAO DE CRUZAMENTO 22 BICONE;29;22;1;UN
1891;PICH;UNIAO DE CRUZAMENTO PPR 20;26;2;1;UN
1892;PICH;UNIAO DE CRUZAMENTO PPR 25;26;6;1;UN
1893;PICH;UNIAO DE CRUZAMENTO PPR 32;26;6;1;UN
1894;PICH;UNIAO DE CRUZAMENTO PVC 32 MATERIAL DE PISCINA COLAR;52;15;1;UN
1895;PICH;UNIAO DE CRUZAMENTO PVC 40 MATERIAL DE PISCINA COLAR;52;15;1;UN
1896;PICH;UNIAO DE CRUZAMENTO PVC 50 MATERIAL DE PISCINA COLAR;52;15;1;UN
1897;PICH;UNIAO DE CRUZAMENTO PVC 63 MATERIAL DE PISCINA COLAR;52;15;1;UN
1898;PICH;"UNIAO LATÃO 1""";14;32;2;UN
1899;PICH;"UNIAO LATÃO 1/2""";16;6;2;UN
1900;PICH;"UNIAO LATÃO 3/4""";16;21;2;UN
1901;PICH;"UNIAO LATÃO M/F 1""";18;38;2;UN
1902;PICH;"UNIAO LATÃO M/F 1/2"" COMPRIDAS";30;15;2;UN
1903;PICH;"UNIAO LATÃO M/F 1/2"" CURTAS";27;15;2;UN
1904;PICH;"UNIAO LATÃO M/F 3/4""";20;11;2;UN
1905;PICH;UNIAO LATÃO M/F 3/4_15MM;24;0;1;UN
1906;DIV;"UNIAO LATÃO P/ MANGUEIRA 3/4""";29;5;1;UN
1907;PICH;UNIAO LATÃO SIMPLES 32 APERTO RÁPIDO;36;9;1;UN
1908;PICH;UNIAO LATÃO SIMPLES REDUÇÃO 32 X 25 APERTO RÁPIDO;49;2;1;UN
1909;PICH;UNIAO M/F CURTA 15MM LATÃO;26;0;0;UN
1910;PICH;UNIAO M/F CURTA 20MM LATÃO;26;0;0;UN
1911;PICH;UNIAO PPR 20;12;43;4;UN
1912;PICH;UNIAO PPR 20X3/4 FEMEA;22;15;1;UN
1913;PICH;UNIAO PPR 20X3/4 MACHO;22;30;1;UN
1914;PICH;UNIAO PPR 25;12;58;3;UN
1915;PICH;UNIAO PPR 25X3/4 FEMEA;22;30;1;UN
1916;PICH;UNIAO SIMPLES 32 APERTO RÁPIDO;30;20;1;UN
1917;PICH;UNIAO SIMPLES REDUÇÃO 32 X 25 APERTO RÁPIDO;43;6;1;UN
1918;PICH;UNIAO VD LIVRES DE HALOGÉNIOS CINZENTAS 16MM;44;140;1;UN
1919;PICH;UNIAO VD LIVRES DE HALOGÉNIOS CINZENTAS 20MM;44;39;1;UN
1920;PICH;UNIÕES SIMPLES PPR 20;21;20;1;UN
1921;PICH;URINOL BRANCO;13;4;1;UN
1922;PICH;URINOL BRANCO DE LOUÇA;22;10;1;UN
1923;PICH;VALVULA DE ESGOTO P/ BANCA;26;0;1;UN
1924;PICH;VALVULA DE ESGOTO P/ BASE;25;19;1;UN
1925;PICH;VALVULA DE ESGOTO P/ LAVATÓRIO_TIPO JINTEM;42;-1;1;UN
1926;PICH;"VÁLVULA DE RETENÇÃO LATÃO 1""";28;15;1;UN
1927;PICH;VÁLVULA DE RETENÇÃO LATÃO 1/2;29;20;1;UN
1928;PICH;VÁLVULA DE RETENÇÃO LATÃO 3/4;29;20;1;UN
1929;PICH;VALVULA DESCARGA SIMPLES PARA AUTOCLISMO DE LOUÇA;49;-2;1;UN
1930;PICH;VALVULA DUPLA DESCARGA PARA AUTOCLISMO DE LOUÇA;47;32;2;UN
1931;PICH;VALVULA ESFERA POWER F/F 1/2;28;0;0;UN
1932;PICH;"VALVULA RETENÇÃO LATÃO 1""";25;1;1;UN
1933;PICH;"VALVULA RETENÇÃO LATÃO 1/2""";27;300;1;UN
1934;PICH;"VALVULA RETENÇÃO LATÃO 3/4""";27;200;1;UN
1935;FER;VARÃO ROSCADO INOX M10 C/ 1 METRO;33;20;3;UN
1936;FER;VARÃO ROSCADO INOX M12 C/ 1 METRO;33;11;3;UN
1937;FER;VARÃO ROSCADO INOX M14 C/ 1 METRO;33;3;2;UN
1938;FER;VARÃO ROSCADO INOX M16 C/ 1 METRO;33;12;2;UN
1939;FER;VARÃO ROSCADO INOX M18 C/ 1 METRO;33;12;1;UN
1940;FER;VARÃO ROSCADO INOX M20 C/ 1 METRO;33;19;1;UN
1941;FER;VARÃO ROSCADO INOX M6 C/ 1 METRO;32;33;3;UN
1942;FER;VARÃO ROSCADO INOX M8 C/ 1 METRO;32;28;3;UN
1943;FER;VARÃO ROSCADO ZN M10 C/ 1 METRO;31;19;3;UN
1944;FER;VARÃO ROSCADO ZN M12 C/ 1 METRO;31;16;3;UN
1945;FER;VARÃO ROSCADO ZN M14 C/ 1 METRO;31;27;1;UN
1946;FER;VARÃO ROSCADO ZN M16 C/ 1 METRO;31;93;1;UN
1947;FER;VARÃO ROSCADO ZN M18 C/ 1 METRO;31;43;2;UN
1948;FER;VARÃO ROSCADO ZN M20 C/ 1 METRO;31;11;1;UN
1949;FER;VARÃO ROSCADO ZN M6 C/ 1 METRO;30;70;3;UN
1950;FER;VARÃO ROSCADO ZN M8 C/ 1 METRO;30;36;3;UN
1951;ELE;VARETA DE TERRA 150MM;21;3;1;UN
1952;MFE;"VASSOURA DE ESTRADA NYLON 40CM COM GARRA METALICA_ ANEXO ""LOTE2_1.159_VASSOURA ESTRADA""";87;14;1;UN
1953;MFE;"VASSOURA INDUSTRIAL VARREDORA DIREITA 24 CM_ ANEXO ""LOTE2_1.160_VASSOURA INDUSTRIAL""";84;0;1;UN
1954;PICH;VEDAÇÃO PARA LIGAÇÕES ALIAÇO DE 1/2;35;100;1;UN
1955;PICH;VEDAÇÃO PARA TORNEIRA 1/2;25;74;1;UN
1956;PICH;VEDAÇÃO PARA TORNEIRA 3/4;25;147;1;UN
1957;PICH;VEDANTE DE BORRACHA PRETO P/ DIN 110;36;0;1;UN
1958;PICH;VEDANTE DE BORRACHA PRETO P/ DIN 125;36;2;1;UN
1959;PICH;VEDANTE DE BORRACHA PRETO P/ DIN 32;35;2;1;UN
1960;PICH;VEDANTE DE BORRACHA PRETO P/ DIN 40;35;1;1;UN
1961;PICH;VEDANTE DE BORRACHA PRETO P/ DIN 50;35;0;1;UN
1962;PICH;VEDANTE DE BORRACHA PRETO P/ DIN 63;35;2;1;UN
1963;PICH;VEDANTE DE BORRACHA PRETO P/ DIN 75;35;0;1;UN
1964;PICH;VEDANTE DE BORRACHA PRETO P/ DIN 90;35;0;1;UN
1965;PINT;VELATURA CHOCOLATE_0,75LTS;26;2;1;UN
1966;PINT;VELATURA COR MOGNO_4LTS_TIPO BONDEX;35;0;1;UN
1967;PINT;VELATURA COR TEKA_4LTS_TIPO BONDEX;34;0;1;UN
1968;PINT;VELATURA INCOLOR_0,75LTS;24;0;1;UN
1969;PINT;VELATURA INCOLOR_4/5LTS_TIPO BONDEX;35;4;1;UN
1970;PINT;VELATURA MOGNO 0,75LTS TIPO BONDEX;34;121;4;UN
1971;PINT;VELATURA MOGNO ESCURO 0,75LTS TIPO BONDEX;41;89;4;UN
1972;PINT;VELATURA TEKA 0,75LTS TIPO BONDEX;33;71;4;UN
1973;SER;VERGA HELIAÇO DE 10MM;21;618;1;M
1974;SER;VERGA LISA DE 12MM;18;0;1;M
1975;SER;VERGA LISA DE 6MM;17;0;1;M
1976;SER;VERGA LISA DE 8MM;17;54;1;M
1977;SER;VERGA LISA DE INOX DE 6MM;25;75;1;M
1978;SER;VERGA LISA DE INOX DE 8MM;25;75;1;M
1979;PINT;VERNIZ BRILHANTE_ LATA 0,75LTS_ TIPO CIN;40;36;3;UN
1980;PINT;VERNIZ MEIO- BRILHO _ LATA 0,75LTS_ TIPO CIN;44;39;3;UN
1981;PINT;VERNIZ SINTÉCTICO ACETINADO 0,75LTS TIPO DURACIN;48;4;1;UN
1982;PINT;VERNIZ SINTÉCTICO ALTO BRILHO 0,75LTS TIPO DURACIN;50;2;1;UN
1983;PINT;VERNIZ SINTÉCTICO BRILHANTE 0,75LTS TIPO DURACIN;48;3;1;UN
1984;PINT;VERNIZ SINTÉCTICO MEIO BRILHO 0,75LTS TIPO DURACIN;50;0;1;UN
1985;ELE;VIDEO PORTEIRO;14;0;0;UN
1986;EPI'S;VISEIRA DE PROTEÇÃO;19;20;1;UN
1987;MFE;X-ACTO 18MM - LAMINA DIVISEL, TIPO FACOM 844.SE18PB OU EXPERT;61;-1;1;UN
1988;DIV;CADEADO INOX COM CHAVE UNIVERSAL _ TIPO ABUS 75IB/50 KA 7561;60;0;1;UN
1989;ARR;ARGAMASSA PARA FIXAÇÕES E REPARAÇÕES RÁPIDAS 25KG_ TIPO WEBER RAPID;67;0;1;UN
1990;PICH;BIDÉ;4;0;1;UN
1991;ABR;ABRAÇADEIRA DE FIVELA/SERRILHA PRETA 920 X 9MM_SACO DE 100UN;60;12;1;UN
1992;DIV;FATO BRANCO DESCARTAVEL;23;6;1;UN
1993;DIV;BROCA PUA 16MM;14;10;1;UN
1994;DIV;BROCA PUA 20MM;14;9;1;UN
1995;DIV;BROCA PUA 25MM;14;9;1;UN
1996;DIV;BROCA P/BETÃO/PEDRA SDS-PLUS DE 4 GUMES 12MM X 300MM;52;7;1;UN
1997;PINT;ESMALTE SINTÉCTICO PRETO 0,75LTS, TIPO SINTECIN;47;20;1;UN
1998;PINT;ESMALTE ANTICORRUSICO COR PRETO 0,75LTS, TIPO CINOFER;53;6;1;UN
1999;PINT;ESMALTE SINTÉCTICO BRANCO MATE 0,75LTS, TIPO SINTECIN;53;24;1;UN
2000;PINT;ESMALTE SINTÉCTICO PRETO MATE 0,75LTS, TIPO SINTECIN;52;24;1;UN
2001;DIV;CINTA DE LIXA 100 X 690MM GRÃO 100 _ INDASA RHYNOBELT;53;30;1;UN
2002;DIV;CINTA DE LIXA 100 X 690MM GRÃO 60 _ INDASA RHYNOBELT;52;30;1;UN
2003;DIV;CINTA DE LIXA 100 X 690MM GRÃO 80 _ INDASA RHYNOBELT;52;30;1;UN
2004;DIV;TACO DE LIXA GRÃO 60;20;0;0;UN
2005;DIV;TACO DE LIXA GRÃO 80;20;0;0;UN
2006;DIV;TACO DE LIXA GRÃO 100;21;0;0;UN
2007;DIV;TACO DE LIXA GRÃO 120;21;0;0;UN
2008;DIV;TACO DE LIXA GRÃO 150;21;0;0;UN
2009;DIV;TACO DE LIXA GRÃO 180;21;0;0;UN
2010;DIV;TACO DE LIXA GRÃO 220;21;0;0;UN
2011;DIV;VASSOURA PEQUENA;16;4;1;UN
2012;DIV;CADEADO DE 50MM COM ARGOLA GRANDE;33;10;1;UN
2013;DIV;DISCO DE CORTE FERRO 125 X 1MM;30;498;1;UN
2014;SER;RODA C/NUCLEO 165 X 50 X 54 GRAO 60;35;2;1;UN
2015;SER;RODA C/NUCLEO 165 X 50 X 54 GRAO 80;35;2;1;UN
2016;SER;RODA C/NUCLEO 165 X 50 X 54 GRAO 120;36;2;1;UN
2017;SER;RODA LIXA 50 X 20MM C/HASTE GRAO 60;35;2;1;UN
2018;SER;RODA LIXA 50 X 20MM C/HASTE GRAO 80;35;2;1;UN
2019;SER;RODA LIXA 50 X 20MM C/HASTE GRAO 120;36;2;1;UN
2020;DIV;FOLHA LIXA P/FERRO GRÃO 60;26;50;1;UN
2021;DIV;FOLHA LIXA P/FERRO GRÃO 80;26;50;1;UN
2022;DIV;FOLHA LIXA P/FERRO GRÃO 120;27;50;1;UN
2023;PAR;PARAFUSO INOX M6X30 CAB SEXTAVADA;33;100;1;UN
2024;PAR;PARAFUSO INOX M6X40 CAB. SEXTAVADA;34;100;1;UN
2025;DIV;BUCHA TIPO GUARDA-CHUVA M6X50;29;194;1;UN
2026;DIV;BUCHA TIPO GUARDA-CHUVA M8X60;29;100;1;UN
2027;DIV;BUCHA TIPO GUARDA-CHUVA M10X80;30;50;1;UN
2028;PAR;PARAFUSO INOX 3.5X25 PZ CAB CHATA;33;1000;1;UN
2029;PAR;PARAFUSO INOX 3.5X30 PZ CAB CHATA;33;1000;1;UN
2030;PAR;PARAFUSO INOX 3.5X35 PZ CAB CHATA;33;980;1;UN
2031;PAR;PARAFUSO INOX 3.5X40 PZ CAB CHATA;33;1000;1;UN
2032;DIV;ANILHA INOX M6 ABA LARGA;24;500;1;UN
2033;PAR;PARAFUSO ZN 3.5X20 TORX CAB CHATA;33;1000;1;UN
2034;PAR;PARAFUSO ZN 3.5X30 TORX CAB CHATA;33;1000;1;UN
2035;PAR;PARAFUSO ZN 3.5X35 TORX CAB CHATA;33;500;1;UN
2036;PAR;PARAFUSO ZN 4X20 TORX CAB CHATA;31;500;1;UN
2037;PAR;PARAFUSO ZN 4X30 TORX CAB CHATA;31;500;1;UN
2038;PAR;PARAFUSO ZN 4X40 TORX CAB CHATA;31;500;1;UN
2039;PAR;PARAFUSO ZN 4.5X30 TORX CAB CHATA;33;500;1;UN
2040;PAR;PARAFUSO ZN 4.5X50 TORX CAB CHATA;33;500;1;UN
2041;PAR;PARAFUSO ZN 5X30 TORX CAB CHATA;31;500;1;UN
2042;PAR;PARAFUSO ZN 5X50 TORX CAB CHATA;31;500;1;UN
2043;PAR;PARAFUSO ZN 6X50 TORX CAB CHATA;31;500;1;UN
2044;PAR;PARAFUSO ZN 6X70 TORX CAB CHATA;31;500;1;UN
2045;;;0;0;0;
